Name,Label,y_pred
Data_InstantID/pexels-photo-5693061_01.png,0,0
Data_InstantID/pexels-photo-4458252_01.png,0,0
Data_InstantID/pexels-photo-210094_01.png,0,0
Data_InstantID/pexels-photo-5325708_02.png,0,1
Data_InstantID/pexels-photo-6393339_01.png,0,0
Data_InstantID/pexels-photo-5668445_01.png,0,0
Data_InstantID/pexels-photo-3616937_01.png,0,0
Data_InstantID/pexels-photo-5037292_01.png,0,0
Data_InstantID/pexels-photo-4646246_01.png,0,0
Data_InstantID/pexels-photo-4126744_01.png,0,0
Data_InstantID/pexels-photo-3689152_01.png,0,0
Data_InstantID/pexels-photo-4814796_01.png,0,0
Data_InstantID/pexels-photo-4450394_01.png,0,0
Data_InstantID/pexels-photo-3576284_01.png,0,1
Data_InstantID/pexels-photo-3685408_01.png,0,0
Data_InstantID/pexels-photo-4874388_01.png,0,0
Data_InstantID/pexels-photo-3269683_01.png,0,0
Data_InstantID/pexels-photo-3586873_01.png,0,0
Data_InstantID/pexels-photo-2317025_01.png,0,0
Data_InstantID/pexels-photo-694446_01.png,0,0
Data_InstantID/pexels-photo-5304598_01.png,0,0
Data_InstantID/pexels-photo-4814878_01.png,0,0
Data_InstantID/pexels-photo-1552104_01.png,0,0
Data_InstantID/pexels-photo-4834142_03.png,0,1
Data_InstantID/pexels-photo-5256841_01.png,0,0
Data_InstantID/pexels-photo-4754648_01.png,0,0
Data_InstantID/pexels-photo-4672232_01.png,0,0
Data_InstantID/pexels-photo-5331219_01.png,0,0
Data_InstantID/pexels-photo-6567433_01.png,0,0
Data_InstantID/pexels-photo-5386116_01.png,0,0
Data_InstantID/pexels-photo-4100489_01.png,0,0
Data_InstantID/pexels-photo-6849563_01.png,0,0
Data_InstantID/pexels-photo-5623706_01.png,0,0
Data_InstantID/pexels-photo-5439477_01.png,0,1
Data_InstantID/pexels-photo-840916_01.png,0,0
Data_InstantID/pexels-photo-5623062_01.png,0,0
Data_InstantID/pexels-photo-6344272_01.png,0,0
Data_InstantID/pexels-photo-4623170_02.png,0,0
Data_InstantID/pexels-photo-6337116_01.png,0,0
Data_InstantID/pexels-photo-787478_01.png,0,0
Data_InstantID/pexels-photo-5232963_01.png,0,0
Data_InstantID/pexels-photo-6305644_01.png,0,0
Data_InstantID/pexels-photo-6052459_01.png,0,0
Data_InstantID/pexels-photo-839011_01.png,0,1
Data_InstantID/pexels-photo-6627422_01.png,0,0
Data_InstantID/pexels-photo-5858856_01.png,0,0
Data_InstantID/pexels-photo-5868129_01.png,0,0
Data_InstantID/pexels-photo-6849281_01.png,0,0
Data_InstantID/pexels-photo-5862282_01.png,0,0
Data_InstantID/pexels-photo-5303644_01.png,0,0
Data_InstantID/pexels-photo-6543926_01.png,0,0
Data_InstantID/pexels-photo-5212697_02.png,0,0
Data_InstantID/pexels-photo-1936801_01.png,0,0
Data_InstantID/pexels-photo-4827500_01.png,0,1
Data_InstantID/pexels-photo-4350089_01.png,0,0
Data_InstantID/pexels-photo-4486783_01.png,0,0
Data_InstantID/pexels-photo-5848006_01.png,0,0
Data_InstantID/pexels-photo-5225312_01.png,0,0
Data_InstantID/pexels-photo-5411687_01.png,0,0
Data_InstantID/pexels-photo-5561445_01.png,0,0
Data_InstantID/pexels-photo-4814873_01.png,0,0
Data_InstantID/pexels-photo-5946209_02.png,0,0
Data_InstantID/pexels-photo-3992372_01.png,0,0
Data_InstantID/pexels-photo-5638813_01.png,0,1
Data_InstantID/pexels-photo-5876476_02.png,0,0
Data_InstantID/pexels-photo-3737493_01.png,0,0
Data_InstantID/pexels-photo-6437805_02.png,0,0
Data_InstantID/pexels-photo-5255146_01.png,0,0
Data_InstantID/pexels-photo-6349506_01.png,0,0
Data_InstantID/pexels-photo-265888_01.png,0,0
Data_InstantID/pexels-photo-5692226_01.png,0,0
Data_InstantID/pexels-photo-5368947_01.png,0,0
Data_InstantID/pexels-photo-5637715_01.png,0,0
Data_InstantID/pexels-photo-4339910_01.png,0,1
Data_InstantID/pexels-photo-5357444_01.png,0,0
Data_InstantID/pexels-photo-2238182_01.png,0,0
Data_InstantID/pexels-photo-5427305_01.png,0,0
Data_InstantID/pexels-photo-842944_01.png,0,0
Data_InstantID/pexels-photo-1510529_01.png,0,0
Data_InstantID/pexels-photo-6400949_01.png,0,0
Data_InstantID/pexels-photo-1734817_01.png,0,0
Data_InstantID/pexels-photo-3184354_01.png,0,0
Data_InstantID/pexels-photo-5239968_01.png,0,0
Data_InstantID/pexels-photo-6338500_01.png,0,1
Data_InstantID/pexels-photo-5263890_01.png,0,0
Data_InstantID/pexels-photo-6147182_01.png,0,0
Data_InstantID/pexels-photo-3372787_01.png,0,0
Data_InstantID/pexels-photo-6147028_01.png,0,0
Data_InstantID/pexels-photo-5325708_01.png,0,0
Data_InstantID/pexels-photo-3771130_01.png,0,0
Data_InstantID/pexels-photo-4473805_01.png,0,0
Data_InstantID/pexels-photo-2845475_01.png,0,0
Data_InstantID/pexels-photo-1098759_01.png,0,0
Data_InstantID/pexels-photo-5215809_01.png,0,1
Data_InstantID/pexels-photo-5727792_01.png,0,0
Data_InstantID/pexels-photo-5415370_01.png,0,0
Data_InstantID/pexels-photo-5439484_01.png,0,0
Data_InstantID/pexels-photo-4985337_01.png,0,0
Data_InstantID/pexels-photo-4624907_02.png,0,0
Data_InstantID/pexels-photo-6800532_01.png,0,0
Data_InstantID/pexels-photo-4623203_01.png,0,0
Data_InstantID/pexels-photo-5553021_01.png,0,0
Data_InstantID/pexels-photo-5638702_01.png,0,0
Data_InstantID/pexels-photo-6388369_01.png,0,1
Data_InstantID/pexels-photo-5685890_01.png,0,0
Data_InstantID/pexels-photo-4155012_01.png,0,0
Data_InstantID/pexels-photo-1844954_01.png,0,0
Data_InstantID/pexels-photo-5275454_01.png,0,0
Data_InstantID/pexels-photo-4153794_01.png,0,0
Data_InstantID/pexels-photo-4063861_01.png,0,0
Data_InstantID/pexels-photo-4148906_01.png,0,0
Data_InstantID/pexels-photo-4612139_01.png,0,0
Data_InstantID/pexels-photo-2796232_01.png,0,0
Data_InstantID/pexels-photo-5324856_01.png,0,1
Data_InstantID/pexels-photo-6238109_01.png,0,0
Data_InstantID/pexels-photo-6817695_01.png,0,0
Data_InstantID/pexels-photo-3993416_01.png,0,0
Data_InstantID/pexels-photo-5669658_02.png,0,0
Data_InstantID/pexels-photo-5292269_01.png,0,0
Data_InstantID/pexels-photo-5037352_01.png,0,0
Data_InstantID/pexels-photo-5277451_01.png,0,0
Data_InstantID/pexels-photo-5325718_01.png,0,0
Data_InstantID/pexels-photo-6467697_01.png,0,0
Data_InstantID/pexels-photo-4560092_01.png,0,1
Data_InstantID/pexels-photo-5038862_01.png,0,0
Data_InstantID/pexels-photo-5275357_01.png,0,0
Data_InstantID/pexels-photo-6190853_01.png,0,0
Data_InstantID/pexels-photo-4045548_01.png,0,0
Data_InstantID/pexels-photo-5240036_01.png,0,0
Data_InstantID/pexels-photo-1230352_01.png,0,0
Data_InstantID/pexels-photo-6848348_01.png,0,0
Data_InstantID/pexels-photo-2705089_01.png,0,0
Data_InstantID/pexels-photo-6285105_01.png,0,0
Data_InstantID/pexels-photo-5306508_01.png,0,1
Data_InstantID/pexels-photo-4427613_02.png,0,0
Data_InstantID/pexels-photo-5303194_01.png,0,0
Data_InstantID/pexels-photo-3420517_02.png,0,0
Data_InstantID/pexels-photo-315265_01.png,0,0
Data_InstantID/pexels-photo-4440605_01.png,0,0
Data_InstantID/pexels-photo-5685937_01.png,0,0
Data_InstantID/pexels-photo-3025620_01.png,0,0
Data_InstantID/pexels-photo-5256822_01.png,0,0
Data_InstantID/pexels-photo-4569373_01.png,0,0
Data_InstantID/pexels-photo-1755504_01.png,0,1
Data_InstantID/pexels-photo-4427423_01.png,0,0
Data_InstantID/pexels-photo-4122910_01.png,0,0
Data_InstantID/pexels-photo-5275819_01.png,0,0
Data_InstantID/pexels-photo-3703974_01.png,0,0
Data_InstantID/pexels-photo-1071979_01.png,0,0
Data_InstantID/pexels-photo-3730976_02.png,0,0
Data_InstantID/pexels-photo-4624900_01.png,0,0
Data_InstantID/pexels-photo-4497977_01.png,0,0
Data_InstantID/pexels-photo-5622427_01.png,0,0
Data_InstantID/pexels-photo-3087002_01.png,0,1
Data_InstantID/pexels-photo-4022812_01.png,0,0
Data_InstantID/pexels-photo-5212697_05.png,0,0
Data_InstantID/pexels-photo-2302256_01.png,0,0
Data_InstantID/pexels-photo-4545977_01.png,0,0
Data_InstantID/pexels-photo-4815393_01.png,0,0
Data_InstantID/pexels-photo-6437484_01.png,0,0
Data_InstantID/pexels-photo-6668283_01.png,0,0
Data_InstantID/pexels-photo-3563697_01.png,0,0
Data_InstantID/pexels-photo-5356633_01.png,0,0
Data_InstantID/pexels-photo-5145180_01.png,0,1
Data_InstantID/pexels-photo-5225299_01.png,0,0
Data_InstantID/pexels-photo-1181676_01.png,0,0
Data_InstantID/pexels-photo-6147166_01.png,0,0
Data_InstantID/pexels-photo-5896600_01.png,0,0
Data_InstantID/pexels-photo-2295746_01.png,0,0
Data_InstantID/pexels-photo-4874353_01.png,0,0
Data_InstantID/pexels-photo-5215422_01.png,0,0
Data_InstantID/pexels-photo-5637484_01.png,0,0
Data_InstantID/pexels-photo-5688133_01.png,0,0
Data_InstantID/pexels-photo-3971290_01.png,0,1
Data_InstantID/pexels-photo-331206_01.png,0,0
Data_InstantID/pexels-photo-5103407_01.png,0,0
Data_InstantID/pexels-photo-4609048_01.png,0,0
Data_InstantID/pexels-photo-4709371_01.png,0,0
Data_InstantID/pexels-photo-5332458_01.png,0,0
Data_InstantID/pexels-photo-4709285_01.png,0,0
Data_InstantID/pexels-photo-4867373_01.png,0,0
Data_InstantID/pexels-photo-2276589_01.png,0,0
Data_InstantID/pexels-photo-2380859_01.png,0,0
Data_InstantID/pexels-photo-4569339_01.png,0,1
Data_InstantID/pexels-photo-5946218_02.png,0,0
Data_InstantID/pexels-photo-5420430_01.png,0,0
Data_InstantID/pexels-photo-2068349_01.png,0,0
Data_InstantID/pexels-photo-4107104_01.png,0,0
Data_InstantID/pexels-photo-2820574_01.png,0,0
Data_InstantID/pexels-photo-5623068_01.png,0,0
Data_InstantID/pexels-photo-6598908_01.png,0,0
Data_InstantID/pexels-photo-715546_01.png,0,0
Data_InstantID/pexels-photo-4123900_01.png,0,0
Data_InstantID/pexels-photo-2505337_01.png,0,1
Data_InstantID/pexels-photo-4728655_01.png,0,0
Data_InstantID/pexels-photo-6340631_01.png,0,0
Data_InstantID/pexels-photo-5560556_01.png,0,0
Data_InstantID/pexels-photo-5685904_01.png,0,0
Data_InstantID/pexels-photo-3992217_01.png,0,0
Data_InstantID/pexels-photo-4623490_01.png,0,0
Data_InstantID/pexels-photo-4874445_01.png,0,0
Data_InstantID/pexels-photo-6437465_01.png,0,0
Data_InstantID/pexels-photo-5479968_01.png,0,0
Data_InstantID/pexels-photo-5686019_02.png,0,1
Data_InstantID/pexels-photo-937482_01.png,0,0
Data_InstantID/pexels-photo-5233052_01.png,0,0
Data_InstantID/pexels-photo-3182750_01.png,0,0
Data_InstantID/pexels-photo-6349566_01.png,0,0
Data_InstantID/pexels-photo-3310694_01.png,0,0
Data_InstantID/pexels-photo-5082645_01.png,0,0
Data_InstantID/pexels-photo-3842415_01.png,0,0
Data_InstantID/pexels-photo-4482003_01.png,0,0
Data_InstantID/pexels-photo-3545238_01.png,0,0
Data_InstantID/pexels-photo-2899935_01.png,0,1
Data_InstantID/pexels-photo-3124332_01.png,0,0
Data_InstantID/pexels-photo-5055415_01.png,0,0
Data_InstantID/pexels-photo-5799134_01.png,0,0
Data_InstantID/pexels-photo-4714310_01.png,0,0
Data_InstantID/pexels-photo-4153141_01.png,0,0
Data_InstantID/pexels-photo-5244055_01.png,0,0
Data_InstantID/pexels-photo-6392845_02.png,0,0
Data_InstantID/pexels-photo-5055460_01.png,0,0
Data_InstantID/pexels-photo-4709365_01.png,0,0
Data_InstantID/pexels-photo-5474034_01.png,0,1
Data_InstantID/pexels-photo-3822727_03.png,0,0
Data_InstantID/pexels-photo-1194408_01.png,0,0
Data_InstantID/pexels-photo-6595025_01.png,0,0
Data_InstantID/pexels-photo-1416819_01.png,0,0
Data_InstantID/pexels-photo-4021380_01.png,0,0
Data_InstantID/pexels-photo-6140618_01.png,0,0
Data_InstantID/pexels-photo-4260754_01.png,0,0
Data_InstantID/pexels-photo-2422295_01.png,0,0
Data_InstantID/pexels-photo-4718077_01.png,0,0
Data_InstantID/pexels-photo-3727541_01.png,0,1
Data_InstantID/pexels-photo-1877733_01.png,0,0
Data_InstantID/pexels-photo-6623780_01.png,0,0
Data_InstantID/pexels-photo-6314565_01.png,0,0
Data_InstantID/pexels-photo-5668529_01.png,0,0
Data_InstantID/pexels-photo-5256526_01.png,0,0
Data_InstantID/pexels-photo-6543909_01.png,0,0
Data_InstantID/pexels-photo-5386434_01.png,0,0
Data_InstantID/pexels-photo-1367275_01.png,0,0
Data_InstantID/pexels-photo-4496947_01.png,0,0
Data_InstantID/pexels-photo-6069512_01.png,0,1
Data_InstantID/pexels-photo-5716015_03.png,0,0
Data_InstantID/pexels-photo-2010922_01.png,0,0
Data_InstantID/pexels-photo-6140366_01.png,0,0
Data_InstantID/pexels-photo-4586685_01.png,0,0
Data_InstantID/pexels-photo-4624963_01.png,0,0
Data_InstantID/pexels-photo-5859319_01.png,0,0
Data_InstantID/pexels-photo-4049960_01.png,0,0
Data_InstantID/pexels-photo-3662767_01.png,0,0
Data_InstantID/pexels-photo-6285081_01.png,0,0
Data_InstantID/pexels-photo-2983327_01.png,0,1
Data_InstantID/pexels-photo-2323140_01.png,0,0
Data_InstantID/pexels-photo-6202749_01.png,0,0
Data_InstantID/pexels-photo-5691829_01.png,0,0
Data_InstantID/man-old-white-beard-face-162547_01.png,0,0
Data_InstantID/pexels-photo-4872052_01.png,0,0
Data_InstantID/pexels-photo-3184398_01.png,0,0
Data_InstantID/pexels-photo-3021595_01.png,0,0
Data_InstantID/pexels-photo-5054660_01.png,0,0
Data_InstantID/pexels-photo-6147210_01.png,0,0
Data_InstantID/pexels-photo-4609014_01.png,0,1
Data_InstantID/pexels-photo-207569_01.png,0,0
Data_InstantID/pexels-photo-4868312_01.png,0,0
Data_InstantID/pexels-photo-802417_01.png,0,0
Data_InstantID/pexels-photo-1807172_01.png,0,0
Data_InstantID/pexels-photo-4873582_01.png,0,0
Data_InstantID/pexels-photo-4623207_01.png,0,0
Data_InstantID/pexels-photo-1805411_01.png,0,0
Data_InstantID/pexels-photo-3756747_01.png,0,0
Data_InstantID/pexels-photo-5212665_02.png,0,0
Data_InstantID/pexels-photo-6338449_01.png,0,1
Data_InstantID/pexels-photo-1557843_01.png,0,0
Data_InstantID/pexels-photo-5215546_01.png,0,0
Data_InstantID/pexels-photo-5561469_01.png,0,0
Data_InstantID/pexels-photo-5273683_01.png,0,0
Data_InstantID/pexels-photo-2697893_01.png,0,0
Data_InstantID/pexels-photo-4874229_01.png,0,0
Data_InstantID/pexels-photo-5686083_02.png,0,0
Data_InstantID/pexels-photo-5212344_01.png,0,0
Data_InstantID/pexels-photo-2446570_01.png,0,0
Data_InstantID/pexels-photo-6849434_01.png,0,1
Data_InstantID/pexels-photo-1850731_01.png,0,0
Data_InstantID/pexels-photo-4473570_01.png,0,0
Data_InstantID/pexels-photo-4145072_01.png,0,0
Data_InstantID/pexels-photo-2188012_01.png,0,0
Data_InstantID/pexels-photo-5303582_01.png,0,0
Data_InstantID/pexels-photo-5990264_01.png,0,0
Data_InstantID/pexels-photo-5474028_01.png,0,0
Data_InstantID/pexels-photo-889732_01.png,0,0
Data_InstantID/pexels-photo-6322866_01.png,0,0
Data_InstantID/pexels-photo-5692259_01.png,0,1
Data_InstantID/pexels-photo-5357203_01.png,0,0
Data_InstantID/pexels-photo-6788012_01.png,0,0
Data_InstantID/pexels-photo-4101155_01.png,0,0
Data_InstantID/pexels-photo-2066035_01.png,0,0
Data_InstantID/pexels-photo-3817723_01.png,0,0
Data_InstantID/pexels-photo-4144449_01.png,0,0
Data_InstantID/pexels-photo-6057084_01.png,0,0
Data_InstantID/pexels-photo-4262414_01.png,0,0
Data_InstantID/pexels-photo-5400806_01.png,0,0
Data_InstantID/pexels-photo-2960156_01.png,0,1
Data_InstantID/pexels-photo-4672246_01.png,0,0
Data_InstantID/pexels-photo-2701585_01.png,0,0
Data_InstantID/pexels-photo-6598906_01.png,0,0
Data_InstantID/pexels-photo-2675678_01.png,0,0
Data_InstantID/pexels-photo-4624915_01.png,0,0
Data_InstantID/pexels-photo-1382732_01.png,0,0
Data_InstantID/pexels-photo-5157186_01.png,0,0
Data_InstantID/pexels-photo-2896853_01.png,0,0
Data_InstantID/pexels-photo-5249392_01.png,0,0
Data_InstantID/pexels-photo-1990215_01.png,0,1
Data_InstantID/pexels-photo-6388453_01.png,0,0
Data_InstantID/pexels-photo-5439369_01.png,0,0
Data_InstantID/pexels-photo-4814834_01.png,0,0
Data_InstantID/pexels-photo-6184683_01.png,0,0
Data_InstantID/pexels-photo-5997045_01.png,0,0
Data_InstantID/pexels-photo-3768146_01.png,0,0
Data_InstantID/pexels-photo-322453_01.png,0,0
Data_InstantID/pexels-photo-4908531_01.png,0,0
Data_InstantID/pexels-photo-3933880_01.png,0,0
Data_InstantID/pexels-photo-6849562_01.png,0,1
Data_InstantID/pexels-photo-2820565_01.png,0,0
Data_InstantID/pexels-photo-3933894_01.png,0,0
Data_InstantID/pexels-photo-5311394_01.png,0,0
Data_InstantID/pexels-photo-6732363_01.png,0,0
Data_InstantID/pexels-photo-4427626_01.png,0,0
Data_InstantID/pexels-photo-2748129_01.png,0,0
Data_InstantID/pexels-photo-6157272_01.png,0,0
Data_InstantID/pexels-photo-573296_01.png,0,0
Data_InstantID/pexels-photo-1134076_01.png,0,0
Data_InstantID/pexels-photo-4752836_01.png,0,1
Data_InstantID/pexels-photo-4050333_01.png,0,0
Data_InstantID/pexels-photo-2434696_01.png,0,0
Data_InstantID/pexels-photo-3430555_01.png,0,0
Data_InstantID/pexels-photo-923210_01.png,0,0
Data_InstantID/pexels-photo-4762766_01.png,0,0
Data_InstantID/pexels-photo-3756785_01.png,0,0
Data_InstantID/pexels-photo-936045_01.png,0,0
Data_InstantID/pexels-photo-5393449_01.png,0,0
Data_InstantID/pexels-photo-5935202_01.png,0,0
Data_InstantID/pexels-photo-3184398_04.png,0,1
Data_InstantID/pexels-photo-6476255_03.png,0,0
Data_InstantID/pexels-photo-1447383_01.png,0,0
Data_InstantID/pexels-photo-1729931_01.png,0,0
Data_InstantID/pexels-photo-1528170_01.png,0,0
Data_InstantID/pexels-photo-6773510_01.png,0,0
Data_InstantID/pexels-photo-5692253_01.png,0,0
Data_InstantID/pexels-photo-5618178_02.png,0,0
Data_InstantID/pexels-photo-1815257_01.png,0,0
Data_InstantID/pexels-photo-5668466_02.png,0,0
Data_InstantID/pexels-photo-886403_01.png,0,1
Data_InstantID/pexels-photo-4890733_01.png,0,0
Data_InstantID/pexels-photo-4008715_01.png,0,0
Data_InstantID/pexels-photo-6052761_01.png,0,0
Data_InstantID/pexels-photo-5686058_01.png,0,0
Data_InstantID/pexels-photo-6069486_01.png,0,0
Data_InstantID/pexels-photo-3933279_01.png,0,0
Data_InstantID/pexels-photo-5474037_01.png,0,0
Data_InstantID/pexels-photo-5685856_01.png,0,0
Data_InstantID/pexels-photo-5038851_01.png,0,0
Data_InstantID/pexels-photo-5275315_01.png,0,1
Data_InstantID/pexels-photo-1036621_01.png,0,0
Data_InstantID/pexels-photo-914253_01.png,0,0
Data_InstantID/pexels-photo-4841861_01.png,0,0
Data_InstantID/pexels-photo-1231215_01.png,0,0
Data_InstantID/pexels-photo-6457573_02.png,0,0
Data_InstantID/pexels-photo-1188079_01.png,0,0
Data_InstantID/pexels-photo-5973366_01.png,0,0
Data_InstantID/pexels-photo-5038860_01.png,0,0
Data_InstantID/pexels-photo-2588008_01.png,0,0
Data_InstantID/pexels-photo-5685961_01.png,0,1
Data_InstantID/pexels-photo-5439167_02.png,0,0
Data_InstantID/pexels-photo-4623526_02.png,0,0
Data_InstantID/pexels-photo-4473774_01.png,0,0
Data_InstantID/pexels-photo-5692287_01.png,0,0
Data_InstantID/pexels-photo-4100486_02.png,0,0
Data_InstantID/pexels-photo-1661419_01.png,0,0
Data_InstantID/pexels-photo-5055480_01.png,0,0
Data_InstantID/pexels-photo-6801865_01.png,0,0
Data_InstantID/pexels-photo-4253302_01.png,0,0
Data_InstantID/pexels-photo-2234143_01.png,0,1
Data_InstantID/pexels-photo-2860906_01.png,0,0
Data_InstantID/pexels-photo-1642883_01.png,0,0
Data_InstantID/pexels-photo-5216573_01.png,0,0
Data_InstantID/pexels-photo-4609006_01.png,0,0
Data_InstantID/pexels-photo-1336409_01.png,0,0
Data_InstantID/pexels-photo-4100670_01.png,0,0
Data_InstantID/pexels-photo-3951790_01.png,0,0
Data_InstantID/pexels-photo-2229490_01.png,0,0
Data_InstantID/pexels-photo-2853909_01.png,0,0
Data_InstantID/pexels-photo-2294361_01.png,0,1
Data_InstantID/pexels-photo-2180141_01.png,0,0
Data_InstantID/pexels-photo-5686045_01.png,0,0
Data_InstantID/pexels-photo-4874392_01.png,0,0
Data_InstantID/pexels-photo-6029180_01.png,0,0
Data_InstantID/pexels-photo-1549974_01.png,0,0
Data_InstantID/pexels-photo-6476256_01.png,0,0
Data_InstantID/pexels-photo-5439463_01.png,0,0
Data_InstantID/pexels-photo-5364789_01.png,0,0
Data_InstantID/pexels-photo-933964_01.png,0,0
Data_InstantID/pexels-photo-3441119_01.png,0,1
Data_InstantID/pexels-photo-5205668_01.png,0,0
Data_InstantID/pexels-photo-6584941_01.png,0,0
Data_InstantID/pexels-photo-5439487_01.png,0,0
Data_InstantID/pexels-photo-1429395_01.png,0,0
Data_InstantID/pexels-photo-2740960_01.png,0,0
Data_InstantID/pexels-photo-5324949_02.png,0,0
Data_InstantID/pexels-photo-5439474_02.png,0,0
Data_InstantID/pexels-photo-5325710_01.png,0,0
Data_InstantID/pexels-photo-2693831_01.png,0,0
Data_InstantID/pexels-photo-814194_01.png,0,1
Data_InstantID/pexels-photo-3565370_01.png,0,0
Data_InstantID/pexels-photo-6340673_02.png,0,0
Data_InstantID/pexels-photo-5256817_01.png,0,0
Data_InstantID/pexels-photo-1059180_01.png,0,0
Data_InstantID/pexels-photo-5275792_01.png,0,0
Data_InstantID/pexels-photo-3873498_01.png,0,0
Data_InstantID/pexels-photo-6140474_01.png,0,0
Data_InstantID/pexels-photo-2761929_01.png,0,0
Data_InstantID/pexels-photo-4709381_01.png,0,0
Data_InstantID/pexels-photo-6457519_01.png,0,1
Data_InstantID/pexels-photo-1081188_01.png,0,0
Data_InstantID/pexels-photo-5273664_01.png,0,0
Data_InstantID/pexels-photo-6336666_01.png,0,0
Data_InstantID/pexels-photo-3439214_01.png,0,0
Data_InstantID/pexels-photo-5466276_01.png,0,0
Data_InstantID/pexels-photo-4868390_02.png,0,0
Data_InstantID/pexels-photo-5775062_02.png,0,0
Data_InstantID/pexels-photo-6248426_01.png,0,0
Data_InstantID/pexels-photo-5668430_01.png,0,0
Data_InstantID/pexels-photo-6334338_01.png,0,1
Data_InstantID/pexels-photo-6595025_02.png,0,0
Data_InstantID/pexels-photo-5256934_01.png,0,0
Data_InstantID/pexels-photo-3889806_01.png,0,0
Data_InstantID/pexels-photo-6476271_01.png,0,0
Data_InstantID/pexels-photo-3385338_01.png,0,0
Data_InstantID/pexels-photo-1578531_01.png,0,0
Data_InstantID/pexels-photo-5951844_01.png,0,0
Data_InstantID/pexels-photo-763546_01.png,0,0
Data_InstantID/pexels-photo-4934416_01.png,0,0
Data_InstantID/pexels-photo-4350085_01.png,0,1
Data_InstantID/pexels-photo-6213442_01.png,0,0
Data_InstantID/pexels-photo-4906281_01.png,0,0
Data_InstantID/pexels-photo-5935229_01.png,0,0
Data_InstantID/pexels-photo-2438547_01.png,0,0
Data_InstantID/pexels-photo-6838559_01.png,0,0
Data_InstantID/pexels-photo-5357201_01.png,0,0
Data_InstantID/pexels-photo-6838549_01.png,0,0
Data_InstantID/pexels-photo-4473608_01.png,0,0
Data_InstantID/pexels-photo-2169479_01.png,0,0
Data_InstantID/pexels-photo-4473905_01.png,0,1
Data_InstantID/pexels-photo-3650423_01.png,0,0
Data_InstantID/pexels-photo-936094_01.png,0,0
Data_InstantID/pexels-photo-6190859_01.png,0,0
Data_InstantID/pexels-photo-5118443_01.png,0,0
Data_InstantID/pexels-photo-5859794_01.png,0,0
Data_InstantID/pexels-photo-1376041_01.png,0,0
Data_InstantID/pexels-photo-3716849_01.png,0,0
Data_InstantID/pexels-photo-6393382_01.png,0,0
Data_InstantID/pexels-photo-5240614_01.png,0,0
Data_InstantID/pexels-photo-1586257_01.png,0,1
Data_InstantID/pexels-photo-3538028_01.png,0,0
Data_InstantID/pexels-photo-4560138_01.png,0,0
Data_InstantID/pexels-photo-6624459_01.png,0,0
Data_InstantID/pexels-photo-3933089_01.png,0,0
Data_InstantID/pexels-photo-3754299_01.png,0,0
Data_InstantID/pexels-photo-3183181_01.png,0,0
Data_InstantID/pexels-photo-1458065_01.png,0,0
Data_InstantID/pexels-photo-6212771_01.png,0,0
Data_InstantID/pexels-photo-5560553_01.png,0,0
Data_InstantID/pexels-photo-6321940_01.png,0,1
Data_InstantID/pexels-photo-1996911_01.png,0,0
Data_InstantID/pexels-photo-4143797_01.png,0,0
Data_InstantID/pexels-photo-5816300_01.png,0,0
Data_InstantID/pexels-photo-5905861_01.png,0,0
Data_InstantID/pexels-photo-2936974_01.png,0,0
Data_InstantID/pexels-photo-5275378_01.png,0,0
Data_InstantID/pexels-photo-5778459_01.png,0,0
Data_InstantID/pexels-photo-3992211_01.png,0,0
Data_InstantID/pexels-photo-2859598_01.png,0,0
Data_InstantID/pexels-photo-1423413_01.png,0,1
Data_InstantID/pexels-photo-5561460_01.png,0,0
Data_InstantID/pexels-photo-5582796_01.png,0,0
Data_InstantID/pexels-photo-2989209_01.png,0,0
Data_InstantID/pexels-photo-4623201_02.png,0,0
Data_InstantID/pexels-photo-5699451_01.png,0,0
Data_InstantID/pexels-photo-1967501_01.png,0,0
Data_InstantID/pexels-photo-994848_01.png,0,0
Data_InstantID/pexels-photo-3845344_01.png,0,0
Data_InstantID/pexels-photo-6140209_01.png,0,0
Data_InstantID/pexels-photo-5710201_01.png,0,1
Data_InstantID/pexels-photo-5264054_01.png,0,0
Data_InstantID/pexels-photo-6457562_01.png,0,0
Data_InstantID/pexels-photo-6592662_01.png,0,0
Data_InstantID/pexels-photo-3808819_01.png,0,0
Data_InstantID/pexels-photo-4908569_02.png,0,0
Data_InstantID/pexels-photo-4972984_01.png,0,0
Data_InstantID/pexels-photo-2035066_01.png,0,0
Data_InstantID/pexels-photo-1181681_01.png,0,0
Data_InstantID/pexels-photo-5325895_01.png,0,0
Data_InstantID/pexels-photo-1167192_01.png,0,1
Data_InstantID/pexels-photo-5198283_01.png,0,0
Data_InstantID/pexels-photo-4122925_02.png,0,0
Data_InstantID/pexels-photo-5561467_01.png,0,0
Data_InstantID/pexels-photo-5036974_01.png,0,0
Data_InstantID/pexels-photo-5055253_01.png,0,0
Data_InstantID/pexels-photo-2624875_01.png,0,0
Data_InstantID/pexels-photo-1062280_01.png,0,0
Data_InstantID/pexels-photo-1104035_01.png,0,0
Data_InstantID/pexels-photo-833185_01.png,0,0
Data_InstantID/pexels-photo-3727136_01.png,0,1
Data_InstantID/pexels-photo-2272853_01.png,0,0
Data_InstantID/pexels-photo-1801263_01.png,0,0
Data_InstantID/pexels-photo-5037300_01.png,0,0
Data_InstantID/pexels-photo-5256822_02.png,0,0
Data_InstantID/pexels-photo-5538594_01.png,0,0
Data_InstantID/pexels-photo-4427556_01.png,0,0
Data_InstantID/pexels-photo-5331042_01.png,0,0
Data_InstantID/pexels-photo-5990269_01.png,0,0
Data_InstantID/pexels-photo-6033608_01.png,0,0
Data_InstantID/pexels-photo-3823186_01.png,0,1
Data_InstantID/pexels-photo-6848339_01.png,0,0
Data_InstantID/pexels-photo-5859328_02.png,0,0
Data_InstantID/pexels-photo-1545582_01.png,0,0
Data_InstantID/pexels-photo-1777843_01.png,0,0
Data_InstantID/pexels-photo-450212_01.png,0,0
Data_InstantID/pexels-photo-4868610_01.png,0,0
Data_InstantID/pexels-photo-1972113_01.png,0,0
Data_InstantID/pexels-photo-6848342_01.png,0,0
Data_InstantID/pexels-photo-4049961_01.png,0,0
Data_InstantID/pexels-photo-5905894_01.png,0,1
Data_InstantID/pexels-photo-5256343_01.png,0,0
Data_InstantID/pexels-photo-4834142_02.png,0,0
Data_InstantID/pexels-photo-5685815_01.png,0,0
Data_InstantID/pexels-photo-5240707_01.png,0,0
Data_InstantID/pexels-photo-3206114_01.png,0,0
Data_InstantID/pexels-photo-4708877_01.png,0,0
Data_InstantID/pexels-photo-6069487_01.png,0,0
Data_InstantID/pexels-photo-5324966_03.png,0,0
Data_InstantID/pexels-photo-5727905_01.png,0,0
Data_InstantID/pexels-photo-4427816_02.png,0,1
Data_InstantID/pexels-photo-5357184_01.png,0,0
Data_InstantID/pexels-photo-4327033_01.png,0,0
Data_InstantID/pexels-photo-4827509_01.png,0,0
Data_InstantID/pexels-photo-5867695_01.png,0,0
Data_InstantID/pexels-photo-5374286_01.png,0,0
Data_InstantID/pexels-photo-1243535_01.png,0,0
Data_InstantID/pexels-photo-5390059_01.png,0,0
Data_InstantID/pexels-photo-4609039_01.png,0,0
Data_InstantID/pexels-photo-3036405_01.png,0,0
Data_InstantID/pexels-photo-5685819_02.png,0,1
Data_InstantID/pexels-photo-4623365_01.png,0,0
Data_InstantID/pexels-photo-4039207_01.png,0,0
Data_InstantID/pexels-photo-5055421_01.png,0,0
Data_InstantID/pexels-photo-5336895_01.png,0,0
Data_InstantID/pexels-photo-3684892_01.png,0,0
Data_InstantID/pexels-photo-3541390_01.png,0,0
Data_InstantID/pexels-photo-4357423_01.png,0,0
Data_InstantID/pexels-photo-4473862_01.png,0,0
Data_InstantID/pexels-photo-2083751_01.png,0,0
Data_InstantID/pexels-photo-5370615_01.png,0,1
Data_InstantID/pexels-photo-1440922_01.png,0,0
Data_InstantID/pexels-photo-6255735_01.png,0,0
Data_InstantID/pexels-photo-4933606_01.png,0,0
Data_InstantID/pexels-photo-5553023_01.png,0,0
Data_InstantID/pexels-photo-5439474_01.png,0,0
Data_InstantID/pexels-photo-3784648_01.png,0,0
Data_InstantID/pexels-photo-4908569_01.png,0,0
Data_InstantID/pexels-photo-4173350_02.png,0,0
Data_InstantID/pexels-photo-3130392_01.png,0,0
Data_InstantID/pexels-photo-6139368_01.png,0,1
Data_InstantID/pexels-photo-332974_01.png,0,0
Data_InstantID/pexels-photo-5356629_01.png,0,0
Data_InstantID/pexels-photo-4841864_01.png,0,0
Data_InstantID/pexels-photo-4566919_01.png,0,0
Data_InstantID/pexels-photo-5685892_01.png,0,0
Data_InstantID/pexels-photo-5216049_01.png,0,0
Data_InstantID/pexels-photo-1547971_01.png,0,0
Data_InstantID/pexels-photo-1586999_01.png,0,0
Data_InstantID/pexels-photo-3993472_02.png,0,0
Data_InstantID/pexels-photo-4651491_01.png,0,1
Data_InstantID/pexels-photo-5054679_01.png,0,0
Data_InstantID/pexels-photo-6183743_02.png,0,0
Data_InstantID/pexels-photo-5082368_01.png,0,0
Data_InstantID/pexels-photo-4709385_01.png,0,0
Data_InstantID/pexels-photo-3205570_01.png,0,0
Data_InstantID/pexels-photo-2777898_01.png,0,0
Data_InstantID/pexels-photo-4145348_02.png,0,0
Data_InstantID/pexels-photo-5215710_01.png,0,0
Data_InstantID/pexels-photo-4262411_02.png,0,0
Data_InstantID/pexels-photo-5292758_01.png,0,1
Data_InstantID/pexels-photo-4708897_01.png,0,0
Data_InstantID/pexels-photo-4503934_01.png,0,0
Data_InstantID/pexels-photo-823816_01.png,0,0
Data_InstantID/pexels-photo-5699479_01.png,0,0
Data_InstantID/pexels-photo-206305_01.png,0,0
Data_InstantID/pexels-photo-247298_01.png,0,0
Data_InstantID/pexels-photo-3662646_01.png,0,0
Data_InstantID/pexels-photo-4008779_01.png,0,0
Data_InstantID/pexels-photo-4612152_01.png,0,0
Data_InstantID/pexels-photo-2918195_01.png,0,1
Data_InstantID/pexels-photo-4874342_01.png,0,0
Data_InstantID/pexels-photo-1456262_01.png,0,0
Data_InstantID/pexels-photo-6675908_01.png,0,0
Data_InstantID/pexels-photo-5961129_01.png,0,0
Data_InstantID/pexels-photo-4708904_01.png,0,0
Data_InstantID/pexels-photo-4427912_01.png,0,0
Data_InstantID/pexels-photo-1078836_01.png,0,0
Data_InstantID/pexels-photo-5935180_01.png,0,0
Data_InstantID/pexels-photo-5554281_01.png,0,0
Data_InstantID/pexels-photo-6636592_01.png,0,1
Data_InstantID/pexels-photo-4260642_02.png,0,0
Data_InstantID/pexels-photo-6224422_01.png,0,0
Data_InstantID/pexels-photo-3730979_01.png,0,0
Data_InstantID/pexels-photo-5233097_01.png,0,0
Data_InstantID/pexels-photo-5325700_01.png,0,0
Data_InstantID/pexels-photo-788567_01.png,0,0
Data_InstantID/pexels-photo-5276081_01.png,0,0
Data_InstantID/pexels-photo-1089164_01.png,0,0
Data_InstantID/pexels-photo-6216337_01.png,0,0
Data_InstantID/pexels-photo-4039175_02.png,0,1
Data_InstantID/pexels-photo-6121911_01.png,0,0
Data_InstantID/pexels-photo-3973210_01.png,0,0
Data_InstantID/pexels-photo-2719500_01.png,0,0
Data_InstantID/pexels-photo-3654897_01.png,0,0
Data_InstantID/pexels-photo-5974262_01.png,0,0
Data_InstantID/pexels-photo-1013328_01.png,0,0
Data_InstantID/pexels-photo-6115296_01.png,0,0
Data_InstantID/pexels-photo-2463027_01.png,0,0
Data_InstantID/pexels-photo-6595037_01.png,0,0
Data_InstantID/pexels-photo-2982149_01.png,0,1
Data_InstantID/pexels-photo-1972115_01.png,0,0
Data_InstantID/pexels-photo-6787498_01.png,0,0
Data_InstantID/pexels-photo-4611733_01.png,0,0
Data_InstantID/pexels-photo-4039179_02.png,0,0
Data_InstantID/pexels-photo-972217_01.png,0,0
Data_InstantID/pexels-photo-5676744_01.png,0,0
Data_InstantID/pexels-photo-4945019_01.png,0,0
Data_InstantID/pexels-photo-6202025_01.png,0,0
Data_InstantID/pexels-photo-6392858_01.png,0,0
Data_InstantID/pexels-photo-1181361_01.png,0,1
Data_InstantID/pexels-photo-1181743_01.png,0,0
Data_InstantID/pexels-photo-5951633_01.png,0,0
Data_InstantID/pexels-photo-3183177_03.png,0,0
Data_InstantID/pexels-photo-5055235_01.png,0,0
Data_InstantID/pexels-photo-5600102_01.png,0,0
Data_InstantID/pexels-photo-6773669_01.png,0,0
Data_InstantID/pexels-photo-2260765_01.png,0,0
Data_InstantID/pexels-photo-4155006_01.png,0,0
Data_InstantID/pexels-photo-4908717_01.png,0,0
Data_InstantID/pexels-photo-2098442_01.png,0,1
Data_InstantID/pexels-photo-5951990_01.png,0,0
Data_InstantID/pexels-photo-713829_01.png,0,0
Data_InstantID/pexels-photo-5561468_01.png,0,0
Data_InstantID/pexels-photo-6210142_01.png,0,0
Data_InstantID/pexels-photo-5676741_01.png,0,0
Data_InstantID/pexels-photo-3195979_01.png,0,0
Data_InstantID/pexels-photo-765196_01.png,0,0
Data_InstantID/pexels-photo-6476192_01.png,0,0
Data_InstantID/pexels-photo-5988924_01.png,0,0
Data_InstantID/pexels-photo-5439399_01.png,0,1
Data_InstantID/pexels-photo-3204088_01.png,0,0
Data_InstantID/pexels-photo-2461179_01.png,0,0
Data_InstantID/pexels-photo-1367269_01.png,0,0
Data_InstantID/pexels-photo-5917722_01.png,0,0
Data_InstantID/pexels-photo-5990046_01.png,0,0
Data_InstantID/pexels-photo-3223552_01.png,0,0
Data_InstantID/pexels-photo-2062542_01.png,0,0
Data_InstantID/pexels-photo-4623526_01.png,0,0
Data_InstantID/pexels-photo-3184398_02.png,0,0
Data_InstantID/pexels-photo-6627420_01.png,0,1
Data_InstantID/pexels-photo-3770674_01.png,0,0
Data_InstantID/pexels-photo-952628_01.png,0,0
Data_InstantID/pexels-photo-4557822_01.png,0,0
Data_InstantID/pexels-photo-4668938_01.png,0,0
Data_InstantID/pexels-photo-4617297_01.png,0,0
Data_InstantID/pexels-photo-4962981_01.png,0,0
Data_InstantID/pexels-photo-6349549_01.png,0,0
Data_InstantID/pexels-photo-5439160_01.png,0,0
Data_InstantID/pexels-photo-5582949_01.png,0,0
Data_InstantID/pexels-photo-2965017_01.png,0,1
Data_InstantID/pexels-photo-375880_01.png,0,0
Data_InstantID/pexels-photo-6816482_01.png,0,0
Data_InstantID/pexels-photo-789296_01.png,0,0
Data_InstantID/pexels-photo-6113258_01.png,0,0
Data_InstantID/pexels-photo-4156336_01.png,0,0
Data_InstantID/pexels-photo-5055264_01.png,0,0
Data_InstantID/pexels-photo-6457512_01.png,0,0
Data_InstantID/pexels-photo-3727509_02.png,0,0
Data_InstantID/pexels-photo-6690294_01.png,0,0
Data_InstantID/pexels-photo-5119614_01.png,0,1
Data_InstantID/pexels-photo-5038812_02.png,0,0
Data_InstantID/pexels-photo-413885_01.png,0,0
Data_InstantID/pexels-photo-3737392_01.png,0,0
Data_InstantID/pexels-photo-907596_01.png,0,0
Data_InstantID/pexels-photo-3771098_01.png,0,0
Data_InstantID/pexels-photo-5327450_01.png,0,0
Data_InstantID/pexels-photo-3647069_01.png,0,0
Data_InstantID/pexels-photo-5889960_01.png,0,0
Data_InstantID/pexels-photo-5439409_01.png,0,0
Data_InstantID/pexels-photo-5858837_01.png,0,1
Data_InstantID/pexels-photo-4740579_01.png,0,0
Data_InstantID/pexels-photo-4039176_01.png,0,0
Data_InstantID/pexels-photo-955413_01.png,0,0
Data_InstantID/pexels-photo-6212769_01.png,0,0
Data_InstantID/pexels-photo-4543674_01.png,0,0
Data_InstantID/pexels-photo-4792522_01.png,0,0
Data_InstantID/pexels-photo-5836325_01.png,0,0
Data_InstantID/pexels-photo-5685973_01.png,0,0
Data_InstantID/pexels-photo-4127427_01.png,0,0
Data_InstantID/pexels-photo-3845294_01.png,0,1
Data_InstantID/pexels-photo-6457573_01.png,0,0
Data_InstantID/pexels-photo-5668778_02.png,0,0
Data_InstantID/pexels-photo-255339_01.png,0,0
Data_InstantID/pexels-photo-4498876_01.png,0,0
Data_InstantID/pexels-photo-5868721_01.png,0,0
Data_InstantID/pexels-photo-5103407_02.png,0,0
Data_InstantID/pexels-photo-3404723_01.png,0,0
Data_InstantID/pexels-photo-6140241_01.png,0,0
Data_InstantID/pexels-photo-2285932_01.png,0,0
Data_InstantID/pexels-photo-3182743_02.png,0,1
Data_InstantID/pexels-photo-3975647_01.png,0,0
Data_InstantID/pexels-photo-3992209_01.png,0,0
Data_InstantID/pexels-photo-5996924_01.png,0,0
Data_InstantID/pexels-photo-4559709_01.png,0,0
Data_InstantID/pexels-photo-4970804_01.png,0,0
Data_InstantID/pexels-photo-5424798_01.png,0,0
Data_InstantID/pexels-photo-2006726_01.png,0,0
Data_InstantID/pexels-photo-5728164_01.png,0,0
Data_InstantID/pexels-photo-4305048_01.png,0,0
Data_InstantID/pexels-photo-2447789_01.png,0,1
Data_InstantID/pexels-photo-5449530_01.png,0,0
Data_InstantID/pexels-photo-5867239_02.png,0,0
Data_InstantID/pexels-photo-619401_01.png,0,0
Data_InstantID/pexels-photo-6349554_01.png,0,0
Data_InstantID/pexels-photo-2219118_01.png,0,0
Data_InstantID/pexels-photo-3845173_01.png,0,0
Data_InstantID/pexels-photo-2861798_01.png,0,0
Data_InstantID/pexels-photo-4484783_01.png,0,0
Data_InstantID/pexels-photo-5553956_01.png,0,0
Data_InstantID/pexels-photo-3541388_01.png,0,1
Data_InstantID/pexels-photo-5637524_01.png,0,0
Data_InstantID/pexels-photo-5561155_01.png,0,0
Data_InstantID/pexels-photo-6213177_01.png,0,0
Data_InstantID/pexels-photo-5357603_01.png,0,0
Data_InstantID/pexels-photo-1545584_01.png,0,0
Data_InstantID/pexels-photo-5386471_01.png,0,0
Data_InstantID/pexels-photo-6213441_01.png,0,0
Data_InstantID/pexels-photo-6184799_01.png,0,0
Data_InstantID/pexels-photo-1850205_01.png,0,0
Data_InstantID/pexels-photo-2896840_01.png,0,1
Data_InstantID/pexels-photo-4874407_01.png,0,0
Data_InstantID/pexels-photo-5303779_01.png,0,0
Data_InstantID/pexels-photo-4427623_01.png,0,0
Data_InstantID/pexels-photo-2737046_01.png,0,0
Data_InstantID/pexels-photo-3491691_01.png,0,0
Data_InstantID/pexels-photo-5036973_01.png,0,0
Data_InstantID/pexels-photo-5648355_01.png,0,0
Data_InstantID/pexels-photo-3002552_01.png,0,0
Data_InstantID/pexels-photo-5961074_01.png,0,0
Data_InstantID/pexels-photo-5264055_01.png,0,1
Data_InstantID/pexels-photo-6250849_01.png,0,0
Data_InstantID/pexels-photo-1007788_01.png,0,0
Data_InstantID/pexels-photo-5386150_01.png,0,0
Data_InstantID/pexels-photo-6632536_02.png,0,0
Data_InstantID/pexels-photo-4729378_01.png,0,0
Data_InstantID/pexels-photo-6849362_01.png,0,0
Data_InstantID/pexels-photo-5275850_01.png,0,0
Data_InstantID/pexels-photo-4484852_01.png,0,0
Data_InstantID/pexels-photo-859265_01.png,0,0
Data_InstantID/pexels-photo-1050543_01.png,0,1
Data_InstantID/pexels-photo-783243_01.png,0,0
Data_InstantID/pexels-photo-5685810_02.png,0,0
Data_InstantID/pexels-photo-4874351_01.png,0,0
Data_InstantID/pexels-photo-573259_01.png,0,0
Data_InstantID/pexels-photo-5386148_01.png,0,0
Data_InstantID/pexels-photo-3167725_01.png,0,0
Data_InstantID/pexels-photo-5310786_01.png,0,0
Data_InstantID/pexels-photo-3968117_01.png,0,0
Data_InstantID/pexels-photo-3931638_01.png,0,0
Data_InstantID/pexels-photo-4708879_01.png,0,1
Data_InstantID/pexels-photo-5393448_01.png,0,0
Data_InstantID/pexels-photo-4708896_01.png,0,0
Data_InstantID/pexels-photo-5571747_01.png,0,0
Data_InstantID/pexels-photo-2446655_01.png,0,0
Data_InstantID/pexels-photo-4691234_01.png,0,0
Data_InstantID/pexels-photo-5215399_01.png,0,0
Data_InstantID/pexels-photo-5624264_01.png,0,0
Data_InstantID/pexels-photo-5324942_01.png,0,0
Data_InstantID/pexels-photo-5974270_01.png,0,0
Data_InstantID/pexels-photo-1557182_01.png,0,1
Data_InstantID/pexels-photo-6543563_01.png,0,0
Data_InstantID/pexels-photo-894092_01.png,0,0
Data_InstantID/pexels-photo-5327454_01.png,0,0
Data_InstantID/pexels-photo-1152994_01.png,0,0
Data_InstantID/pexels-photo-6344281_01.png,0,0
Data_InstantID/pexels-photo-3202034_01.png,0,0
Data_InstantID/pexels-photo-3658708_01.png,0,0
Data_InstantID/pexels-photo-4711733_01.png,0,0
Data_InstantID/pexels-photo-4142541_01.png,0,0
Data_InstantID/pexels-photo-3171822_02.png,0,1
Data_InstantID/pexels-photo-5789765_01.png,0,0
Data_InstantID/pexels-photo-3662634_01.png,0,0
Data_InstantID/pexels-photo-6261884_01.png,0,0
Data_InstantID/pexels-photo-5717555_01.png,0,0
Data_InstantID/pexels-photo-4623492_01.png,0,0
Data_InstantID/pexels-photo-1435836_01.png,0,0
Data_InstantID/pexels-photo-4543637_01.png,0,0
Data_InstantID/pexels-photo-4308098_01.png,0,0
Data_InstantID/pexels-photo-4260753_02.png,0,0
Data_InstantID/pexels-photo-2168843_01.png,0,1
Data_InstantID/pexels-photo-3973964_01.png,0,0
Data_InstantID/pexels-photo-5439165_01.png,0,0
Data_InstantID/pexels-photo-3171151_01.png,0,0
Data_InstantID/pexels-photo-6140394_02.png,0,0
Data_InstantID/pexels-photo-4442079_01.png,0,0
Data_InstantID/pexels-photo-5275356_01.png,0,0
Data_InstantID/pexels-photo-4921215_01.png,0,0
Data_InstantID/pexels-photo-5520333_01.png,0,0
Data_InstantID/pexels-photo-4544900_01.png,0,0
Data_InstantID/pexels-photo-134991_01.png,0,1
Data_InstantID/pexels-photo-5623629_02.png,0,0
Data_InstantID/pexels-photo-6718225_01.png,0,0
Data_InstantID/pexels-photo-1648376_01.png,0,0
Data_InstantID/pexels-photo-3184632_01.png,0,0
Data_InstantID/pexels-photo-3971279_01.png,0,0
Data_InstantID/pexels-photo-5862402_01.png,0,0
Data_InstantID/pexels-photo-6077601_01.png,0,0
Data_InstantID/pexels-photo-5390456_01.png,0,0
Data_InstantID/pexels-photo-5368993_02.png,0,0
Data_InstantID/pexels-photo-5275829_03.png,0,1
Data_InstantID/pexels-photo-2245035_01.png,0,0
Data_InstantID/pexels-photo-5738084_02.png,0,0
Data_InstantID/pexels-photo-3952022_01.png,0,0
Data_InstantID/pexels-photo-6210337_01.png,0,0
Data_InstantID/pexels-photo-4256852_01.png,0,0
Data_InstantID/pexels-photo-1040881_01.png,0,0
Data_InstantID/pexels-photo-4046512_01.png,0,0
Data_InstantID/pexels-photo-1496610_01.png,0,0
Data_InstantID/pexels-photo-1937788_01.png,0,0
Data_InstantID/pexels-photo-4315839_01.png,0,1
Data_InstantID/pexels-photo-1549200_01.png,0,0
Data_InstantID/pexels-photo-5324980_01.png,0,0
Data_InstantID/pexels-photo-5365474_01.png,0,0
Data_InstantID/pexels-photo-4623170_01.png,0,0
Data_InstantID/pexels-photo-1760900_01.png,0,0
Data_InstantID/pexels-photo-4689910_01.png,0,0
Data_InstantID/pexels-photo-4617295_01.png,0,0
Data_InstantID/pexels-photo-4715320_01.png,0,0
Data_InstantID/pexels-photo-897262_01.png,0,0
Data_InstantID/pexels-photo-4933623_01.png,0,1
Data_InstantID/pexels-photo-4971235_01.png,0,0
Data_InstantID/pexels-photo-5313133_01.png,0,0
Data_InstantID/pexels-photo-5055275_02.png,0,0
Data_InstantID/pexels-photo-3626690_01.png,0,0
Data_InstantID/pexels-photo-3993472_01.png,0,0
Data_InstantID/pexels-photo-2603147_01.png,0,0
Data_InstantID/pexels-photo-5439399_02.png,0,0
Data_InstantID/pexels-photo-5328575_01.png,0,0
Data_InstantID/pexels-photo-5246601_01.png,0,0
Data_InstantID/pexels-photo-206557_01.png,0,1
Data_InstantID/pexels-photo-1972589_01.png,0,0
Data_InstantID/pexels-photo-5237911_01.png,0,0
Data_InstantID/pexels-photo-5429026_02.png,0,0
Data_InstantID/pexels-photo-4427809_01.png,0,0
Data_InstantID/pexels-photo-4145348_01.png,0,0
Data_InstantID/pexels-photo-1892949_01.png,0,0
Data_InstantID/pexels-photo-5055434_01.png,0,0
Data_InstantID/pexels-photo-6457545_02.png,0,0
Data_InstantID/pexels-photo-5036933_01.png,0,0
Data_InstantID/pexels-photo-6849278_01.png,0,1
Data_InstantID/pexels-photo-4008709_01.png,0,0
Data_InstantID/pexels-photo-6393356_01.png,0,0
Data_InstantID/pexels-photo-6849304_01.png,0,0
Data_InstantID/pexels-photo-5493782_01.png,0,0
Data_InstantID/pexels-photo-5396524_01.png,0,0
Data_InstantID/pexels-photo-5989935_01.png,0,0
Data_InstantID/honor-guard-15s-guard-russian-73869_01.png,0,0
Data_InstantID/pexels-photo-1790393_01.png,0,0
Data_InstantID/pexels-photo-5386179_01.png,0,0
Data_InstantID/pexels-photo-6846002_01.png,0,1
Data_InstantID/pexels-photo-722244_01.png,0,0
Data_InstantID/pexels-photo-5727711_01.png,0,0
Data_InstantID/pexels-photo-5896973_01.png,0,0
Data_InstantID/pexels-photo-4261784_01.png,0,0
Data_InstantID/pexels-photo-5356650_01.png,0,0
Data_InstantID/pexels-photo-3933102_01.png,0,0
Data_InstantID/pexels-photo-596886_01.png,0,0
Data_InstantID/pexels-photo-5212695_01.png,0,0
Data_InstantID/pexels-photo-2466463_01.png,0,0
Data_InstantID/pexels-photo-6172538_01.png,0,1
Data_InstantID/pexels-photo-4063792_01.png,0,0
Data_InstantID/pexels-photo-1980984_01.png,0,0
Data_InstantID/pexels-photo-6632510_01.png,0,0
Data_InstantID/pexels-photo-1936154_01.png,0,0
Data_InstantID/pexels-photo-4040906_01.png,0,0
Data_InstantID/pexels-photo-5256933_01.png,0,0
Data_InstantID/pexels-photo-4039176_02.png,0,0
Data_InstantID/pexels-photo-5990273_01.png,0,0
Data_InstantID/pexels-photo-236149_01.png,0,0
Data_InstantID/pexels-photo-5466249_01.png,0,1
Data_InstantID/pexels-photo-4874386_01.png,0,0
Data_InstantID/pexels-photo-4554372_01.png,0,0
Data_InstantID/pexels-photo-6624253_01.png,0,0
Data_InstantID/pexels-photo-4841182_01.png,0,0
Data_InstantID/pexels-photo-3730976_03.png,0,0
Data_InstantID/pexels-photo-1181563_01.png,0,0
Data_InstantID/pexels-photo-6623778_01.png,0,0
Data_InstantID/pexels-photo-4492282_01.png,0,0
Data_InstantID/pexels-photo-3732869_01.png,0,0
Data_InstantID/pexels-photo-5333281_01.png,0,1
Data_InstantID/pexels-photo-2383117_01.png,0,0
Data_InstantID/pexels-photo-715822_01.png,0,0
Data_InstantID/pexels-photo-4091200_01.png,0,0
Data_InstantID/pexels-photo-3171765_01.png,0,0
Data_InstantID/pexels-photo-5637843_01.png,0,0
Data_InstantID/pexels-photo-2989397_01.png,0,0
Data_InstantID/pexels-photo-5264437_01.png,0,0
Data_InstantID/pexels-photo-6603147_01.png,0,0
Data_InstantID/pexels-photo-4904563_01.png,0,0
Data_InstantID/pexels-photo-6532062_01.png,0,1
Data_InstantID/pexels-photo-5249393_01.png,0,0
Data_InstantID/pexels-photo-6829479_01.png,0,0
Data_InstantID/pexels-photo-1181542_01.png,0,0
Data_InstantID/pexels-photo-913179_01.png,0,0
Data_InstantID/pexels-photo-3655924_01.png,0,0
Data_InstantID/pexels-photo-5439488_01.png,0,0
Data_InstantID/pexels-photo-5816295_01.png,0,0
Data_InstantID/pexels-photo-5412158_01.png,0,0
Data_InstantID/pexels-photo-6627478_01.png,0,0
Data_InstantID/pexels-photo-4908535_01.png,0,1
Data_InstantID/pexels-photo-3810793_02.png,0,0
Data_InstantID/pexels-photo-4101188_01.png,0,0
Data_InstantID/pexels-photo-6249907_01.png,0,0
Data_InstantID/pexels-photo-5088191_01.png,0,0
Data_InstantID/pexels-photo-327253_01.png,0,0
Data_InstantID/pexels-photo-5813824_01.png,0,0
Data_InstantID/pexels-photo-4609033_01.png,0,0
Data_InstantID/pexels-photo-6340632_01.png,0,0
Data_InstantID/pexels-photo-4127940_01.png,0,0
Data_InstantID/pexels-photo-1587042_01.png,0,1
Data_InstantID/pexels-photo-1700775_01.png,0,0
Data_InstantID/pexels-photo-3860868_02.png,0,0
Data_InstantID/pexels-photo-5885678_01.png,0,0
Data_InstantID/pexels-photo-5212695_03.png,0,0
Data_InstantID/pexels-photo-5961131_02.png,0,0
Data_InstantID/pexels-photo-4709373_01.png,0,0
Data_InstantID/pexels-photo-2544829_01.png,0,0
Data_InstantID/pexels-photo-5693066_01.png,0,0
Data_InstantID/pexels-photo-5357200_01.png,0,0
Data_InstantID/pexels-photo-718973_01.png,0,1
Data_InstantID/pexels-photo-3933499_01.png,0,0
Data_InstantID/pexels-photo-5055428_01.png,0,0
Data_InstantID/pexels-photo-4569312_01.png,0,0
Data_InstantID/pexels-photo-5368745_01.png,0,0
Data_InstantID/pexels-photo-6146960_01.png,0,0
Data_InstantID/pexels-photo-2065195_01.png,0,0
Data_InstantID/pexels-photo-4821423_01.png,0,0
Data_InstantID/pexels-photo-4963004_02.png,0,0
Data_InstantID/pexels-photo-6338457_01.png,0,0
Data_InstantID/pexels-photo-5200770_01.png,0,1
Data_InstantID/pexels-photo-5910791_01.png,0,0
Data_InstantID/pexels-photo-5276071_01.png,0,0
Data_InstantID/pexels-photo-3820064_01.png,0,0
Data_InstantID/pexels-photo-5275310_01.png,0,0
Data_InstantID/pexels-photo-5583252_01.png,0,0
Data_InstantID/pexels-photo-6437493_01.png,0,0
Data_InstantID/pexels-photo-5246638_02.png,0,0
Data_InstantID/pexels-photo-5910962_02.png,0,0
Data_InstantID/pexels-photo-1028927_01.png,0,0
Data_InstantID/pexels-photo-5686028_01.png,0,1
Data_InstantID/pexels-photo-4715327_01.png,0,0
Data_InstantID/pexels-photo-5685951_01.png,0,0
Data_InstantID/pexels-photo-5212685_01.png,0,0
Data_InstantID/pexels-photo-4963439_01.png,0,0
Data_InstantID/pexels-photo-5424801_01.png,0,0
Data_InstantID/pexels-photo-3933056_01.png,0,0
Data_InstantID/pexels-photo-3491940_01.png,0,0
Data_InstantID/pexels-photo-6299950_01.png,0,0
Data_InstantID/pexels-photo-765248_01.png,0,0
Data_InstantID/pexels-photo-3860868_01.png,0,1
Data_InstantID/pexels-photo-6764016_01.png,0,0
Data_InstantID/pexels-photo-5669632_01.png,0,0
Data_InstantID/pexels-photo-2923156_01.png,0,0
Data_InstantID/pexels-photo-6476245_01.png,0,0
Data_InstantID/pexels-photo-6840090_01.png,0,0
Data_InstantID/pexels-photo-4017427_01.png,0,0
Data_InstantID/pexels-photo-4039148_01.png,0,0
Data_InstantID/pexels-photo-1174170_01.png,0,0
Data_InstantID/pexels-photo-3420517_05.png,0,0
Data_InstantID/pexels-photo-4132305_01.png,0,1
Data_InstantID/pexels-photo-4945109_01.png,0,0
Data_InstantID/pexels-photo-6150579_01.png,0,0
Data_InstantID/pexels-photo-4623195_01.png,0,0
Data_InstantID/pexels-photo-4498004_01.png,0,0
Data_InstantID/pexels-photo-5833775_01.png,0,0
Data_InstantID/pexels-photo-4708915_01.png,0,0
pose/pose_pexels-photo-5688133_01.png,1,0
pose/pose_pexels-photo-4498876_01.png,1,0
pose/pose_pexels-photo-4708877_01.png,1,0
pose/pose_pexels-photo-5357184_01.png,1,1
pose/pose_pexels-photo-5037352_01.png,1,0
pose/pose_pexels-photo-6476271_01.png,1,0
pose/pose_pexels-photo-3703974_01.png,1,0
pose/pose_pexels-photo-6140366_01.png,1,0
pose/pose_pexels-photo-4740579_01.png,1,0
pose/pose_pexels-photo-2461179_01.png,1,0
pose/pose_pexels-photo-4569373_01.png,1,0
pose/pose_pexels-photo-5393449_01.png,1,0
pose/pose_pexels-photo-6183743_02.png,1,0
pose/pose_pexels-photo-4792522_01.png,1,1
pose/pose_pexels-photo-5637715_01.png,1,0
pose/pose_pexels-photo-4617297_01.png,1,0
pose/pose_pexels-photo-4718077_01.png,1,0
pose/pose_pexels-photo-315265_01.png,1,0
pose/pose_pexels-photo-913179_01.png,1,0
pose/pose_pexels-photo-5685961_01.png,1,0
pose/pose_pexels-photo-3727509_02.png,1,0
pose/pose_pexels-photo-6476256_01.png,1,0
pose/pose_pexels-photo-2853909_01.png,1,0
pose/pose_pexels-photo-5686045_01.png,1,1
pose/pose_pexels-photo-4841861_01.png,1,0
pose/pose_pexels-photo-2446570_01.png,1,0
pose/pose_pexels-photo-4963004_02.png,1,0
pose/pose_pexels-photo-5055235_01.png,1,0
pose/pose_pexels-photo-6457519_01.png,1,0
pose/pose_pexels-photo-6623780_01.png,1,0
pose/pose_pexels-photo-4709371_01.png,1,0
pose/pose_pexels-photo-5233052_01.png,1,0
pose/pose_pexels-photo-5896973_01.png,1,0
pose/pose_pexels-photo-5255146_01.png,1,1
pose/pose_pexels-photo-5036974_01.png,1,0
pose/pose_pexels-photo-5273664_01.png,1,0
pose/pose_pexels-photo-5386471_01.png,1,0
pose/pose_pexels-photo-1382732_01.png,1,0
pose/pose_pexels-photo-1231215_01.png,1,0
pose/pose_pexels-photo-3756747_01.png,1,0
pose/pose_pexels-photo-5974262_01.png,1,0
pose/pose_pexels-photo-3626690_01.png,1,0
pose/pose_pexels-photo-5246601_01.png,1,0
pose/pose_pexels-photo-5275315_01.png,1,1
pose/pose_pexels-photo-972217_01.png,1,0
pose/pose_pexels-photo-2302256_01.png,1,0
pose/pose_pexels-photo-5276081_01.png,1,0
pose/pose_pexels-photo-4260753_02.png,1,0
pose/pose_pexels-photo-3310694_01.png,1,0
pose/pose_pexels-photo-5325700_01.png,1,0
pose/pose_pexels-photo-4145348_01.png,1,0
pose/pose_pexels-photo-3933894_01.png,1,0
pose/pose_pexels-photo-3817723_01.png,1,0
pose/pose_pexels-photo-3933102_01.png,1,1
pose/pose_pexels-photo-5256526_01.png,1,0
pose/pose_pexels-photo-6190859_01.png,1,0
pose/pose_pexels-photo-1936154_01.png,1,0
pose/pose_pexels-photo-4814834_01.png,1,0
pose/pose_pexels-photo-1790393_01.png,1,0
pose/pose_pexels-photo-2068349_01.png,1,0
pose/pose_pexels-photo-3036405_01.png,1,0
pose/pose_pexels-photo-4107104_01.png,1,0
pose/pose_pexels-photo-4609014_01.png,1,0
pose/pose_pexels-photo-3730976_02.png,1,1
pose/pose_pexels-photo-2066035_01.png,1,0
pose/pose_pexels-photo-2737046_01.png,1,0
pose/pose_pexels-photo-5668430_01.png,1,0
pose/pose_pexels-photo-2860906_01.png,1,0
pose/pose_pexels-photo-4560092_01.png,1,0
pose/pose_pexels-photo-210094_01.png,1,0
pose/pose_pexels-photo-5292269_01.png,1,0
pose/pose_pexels-photo-3130392_01.png,1,0
pose/pose_pexels-photo-1496610_01.png,1,0
pose/pose_pexels-photo-4624900_01.png,1,1
pose/pose_pexels-photo-4569339_01.png,1,0
pose/pose_pexels-photo-765196_01.png,1,0
pose/pose_pexels-photo-6532062_01.png,1,0
pose/pose_pexels-photo-886403_01.png,1,0
pose/pose_pexels-photo-6849278_01.png,1,0
pose/pose_pexels-photo-5859328_02.png,1,0
pose/pose_pexels-photo-1458065_01.png,1,0
pose/pose_pexels-photo-3647069_01.png,1,0
pose/pose_pexels-photo-6338449_01.png,1,0
pose/pose_pexels-photo-3184398_02.png,1,1
pose/pose_pexels-photo-3933499_01.png,1,0
pose/pose_pexels-photo-6340632_01.png,1,0
pose/pose_pexels-photo-1700775_01.png,1,0
pose/pose_pexels-photo-1877733_01.png,1,0
pose/pose_pexels-photo-994848_01.png,1,0
pose/pose_pexels-photo-3563697_01.png,1,0
pose/pose_pexels-photo-1936801_01.png,1,0
pose/pose_pexels-photo-5946218_02.png,1,0
pose/pose_pexels-photo-6800532_01.png,1,0
pose/pose_pexels-photo-955413_01.png,1,1
pose/pose_pexels-photo-5256817_01.png,1,0
pose/pose_pexels-photo-5306508_01.png,1,0
pose/pose_pexels-photo-5439484_01.png,1,0
pose/pose_pexels-photo-5693061_01.png,1,0
pose/pose_pexels-photo-3768146_01.png,1,0
pose/pose_pexels-photo-6392858_01.png,1,0
pose/pose_pexels-photo-5560556_01.png,1,0
pose/pose_pexels-photo-6057084_01.png,1,0
pose/pose_pexels-photo-4486783_01.png,1,0
pose/pose_pexels-photo-2896853_01.png,1,1
pose/pose_pexels-photo-5225312_01.png,1,0
pose/pose_pexels-photo-4063792_01.png,1,0
pose/pose_pexels-photo-5889960_01.png,1,0
pose/pose_pexels-photo-5961131_02.png,1,0
pose/pose_pexels-photo-5325710_01.png,1,0
pose/pose_pexels-photo-1545584_01.png,1,0
pose/pose_pexels-photo-5910791_01.png,1,0
pose/pose_pexels-photo-6216337_01.png,1,0
pose/pose_pexels-photo-3204088_01.png,1,0
pose/pose_pexels-photo-4503934_01.png,1,1
pose/pose_pexels-photo-5212697_02.png,1,0
pose/pose_pexels-photo-1081188_01.png,1,0
pose/pose_pexels-photo-4497977_01.png,1,0
pose/pose_pexels-photo-6147166_01.png,1,0
pose/pose_pexels-photo-4256852_01.png,1,0
pose/pose_pexels-photo-5212697_05.png,1,0
pose/pose_pexels-photo-5037292_01.png,1,0
pose/pose_pexels-photo-5303779_01.png,1,0
pose/pose_pexels-photo-722244_01.png,1,0
pose/pose_pexels-photo-4934416_01.png,1,1
pose/pose_pexels-photo-5386434_01.png,1,0
pose/pose_pexels-photo-6224422_01.png,1,0
pose/pose_pexels-photo-4123900_01.png,1,0
pose/pose_pexels-photo-5324942_01.png,1,0
pose/pose_pexels-photo-4623170_02.png,1,0
pose/pose_pexels-photo-4560138_01.png,1,0
pose/pose_pexels-photo-5396524_01.png,1,0
pose/pose_pexels-photo-889732_01.png,1,0
pose/pose_pexels-photo-6349554_01.png,1,0
pose/pose_pexels-photo-5439474_01.png,1,1
pose/pose_pexels-photo-4612139_01.png,1,0
pose/pose_pexels-photo-2062542_01.png,1,0
pose/pose_pexels-photo-2719500_01.png,1,0
pose/pose_pexels-photo-4827509_01.png,1,0
pose/pose_pexels-photo-2422295_01.png,1,0
pose/pose_pexels-photo-5439160_01.png,1,0
pose/pose_pexels-photo-4063861_01.png,1,0
pose/pose_pexels-photo-5055415_01.png,1,0
pose/pose_pexels-photo-4473862_01.png,1,0
pose/pose_pexels-photo-3183181_01.png,1,1
pose/pose_pexels-photo-5623068_01.png,1,0
pose/pose_pexels-photo-4100489_01.png,1,0
pose/pose_pexels-photo-1972113_01.png,1,0
pose/pose_pexels-photo-6595037_01.png,1,0
pose/pose_pexels-photo-4132305_01.png,1,0
pose/pose_pexels-photo-5561468_01.png,1,0
pose/pose_pexels-photo-3820064_01.png,1,0
pose/pose_pexels-photo-6140394_02.png,1,0
pose/pose_pexels-photo-5336895_01.png,1,0
pose/pose_pexels-photo-5951990_01.png,1,1
pose/pose_pexels-photo-3684892_01.png,1,0
pose/pose_pexels-photo-1549974_01.png,1,0
pose/pose_pexels-photo-6029180_01.png,1,0
pose/pose_pexels-photo-2295746_01.png,1,0
pose/pose_pexels-photo-4709385_01.png,1,0
pose/pose_pexels-photo-3933056_01.png,1,0
pose/pose_pexels-photo-5356629_01.png,1,0
pose/pose_pexels-photo-6210337_01.png,1,0
pose/pose_pexels-photo-5233097_01.png,1,0
pose/pose_pexels-photo-5386148_01.png,1,1
pose/pose_pexels-photo-4945019_01.png,1,0
pose/pose_pexels-photo-4672232_01.png,1,0
pose/pose_pexels-photo-4143797_01.png,1,0
pose/pose_pexels-photo-4874351_01.png,1,0
pose/pose_pexels-photo-907596_01.png,1,0
pose/pose_pexels-photo-6069512_01.png,1,0
pose/pose_pexels-photo-322453_01.png,1,0
pose/pose_pexels-photo-1174170_01.png,1,0
pose/pose_pexels-photo-4609039_01.png,1,0
pose/pose_pexels-photo-4904563_01.png,1,1
pose/pose_pexels-photo-4155006_01.png,1,0
pose/pose_pexels-photo-5275357_01.png,1,0
pose/pose_pexels-photo-3124332_01.png,1,0
pose/pose_pexels-photo-4427912_01.png,1,0
pose/pose_pexels-photo-4908531_01.png,1,0
pose/pose_pexels-photo-5357201_01.png,1,0
pose/pose_pexels-photo-5917722_01.png,1,0
pose/pose_pexels-photo-4962981_01.png,1,0
pose/pose_pexels-photo-3992211_01.png,1,0
pose/pose_pexels-photo-2989209_01.png,1,1
pose/pose_pexels-photo-3823186_01.png,1,0
pose/pose_pexels-photo-1729931_01.png,1,0
pose/pose_pexels-photo-6139368_01.png,1,0
pose/pose_pexels-photo-5386150_01.png,1,0
pose/pose_pexels-photo-1167192_01.png,1,0
pose/pose_pexels-photo-2918195_01.png,1,0
pose/pose_pexels-photo-4868390_02.png,1,0
pose/pose_pexels-photo-5439409_01.png,1,0
pose/pose_pexels-photo-5331042_01.png,1,0
pose/pose_pexels-photo-4039176_01.png,1,1
pose/pose_pexels-photo-3182743_02.png,1,0
pose/pose_pexels-photo-5560553_01.png,1,0
pose/pose_pexels-photo-5691829_01.png,1,0
pose/pose_pexels-photo-5885678_01.png,1,0
pose/pose_pexels-photo-619401_01.png,1,0
pose/pose_pexels-photo-3992209_01.png,1,0
pose/pose_pexels-photo-5082645_01.png,1,0
pose/pose_pexels-photo-4350085_01.png,1,0
pose/pose_pexels-photo-5356650_01.png,1,0
pose/pose_pexels-photo-5951844_01.png,1,1
pose/pose_pexels-photo-5198283_01.png,1,0
pose/pose_pexels-photo-2705089_01.png,1,0
pose/pose_pexels-photo-4874388_01.png,1,0
pose/pose_pexels-photo-5637484_01.png,1,0
pose/pose_pexels-photo-6052761_01.png,1,0
pose/pose_pexels-photo-5618178_02.png,1,0
pose/pose_pexels-photo-6184683_01.png,1,0
pose/pose_pexels-photo-5775062_02.png,1,0
pose/pose_pexels-photo-694446_01.png,1,0
pose/pose_pexels-photo-5583252_01.png,1,1
pose/pose_pexels-photo-1549200_01.png,1,0
pose/pose_pexels-photo-4623201_02.png,1,0
pose/pose_pexels-photo-4308098_01.png,1,0
pose/pose_pexels-photo-6321940_01.png,1,0
pose/pose_pexels-photo-4609048_01.png,1,0
pose/pose_pexels-photo-6457573_02.png,1,0
pose/pose_pexels-photo-1980984_01.png,1,0
pose/pose_pexels-photo-5669632_01.png,1,0
pose/pose_pexels-photo-4148906_01.png,1,0
pose/pose_pexels-photo-5303644_01.png,1,1
pose/pose_pexels-photo-6816482_01.png,1,0
pose/pose_pexels-photo-5685973_01.png,1,0
pose/pose_pexels-photo-6627420_01.png,1,0
pose/pose_pexels-photo-5216049_01.png,1,0
pose/pose_pexels-photo-6190853_01.png,1,0
pose/pose_pexels-photo-6849562_01.png,1,0
pose/pose_pexels-photo-4945109_01.png,1,0
pose/pose_pexels-photo-331206_01.png,1,0
pose/pose_pexels-photo-207569_01.png,1,0
pose/pose_pexels-photo-206557_01.png,1,1
pose/pose_pexels-photo-6598908_01.png,1,0
pose/pose_pexels-photo-4544900_01.png,1,0
pose/pose_pexels-photo-4557822_01.png,1,0
pose/pose_pexels-photo-5310786_01.png,1,0
pose/pose_pexels-photo-5118443_01.png,1,0
pose/pose_pexels-photo-134991_01.png,1,0
pose/pose_pexels-photo-1059180_01.png,1,0
pose/pose_pexels-photo-6788012_01.png,1,0
pose/pose_pexels-photo-5324980_01.png,1,0
pose/pose_pexels-photo-5685892_01.png,1,1
pose/pose_pexels-photo-5990264_01.png,1,0
pose/pose_pexels-photo-4908569_02.png,1,0
pose/pose_pexels-photo-6388369_01.png,1,0
pose/pose_pexels-photo-5264437_01.png,1,0
pose/pose_pexels-photo-4153794_01.png,1,0
pose/pose_pexels-photo-596886_01.png,1,0
pose/pose_pexels-photo-1545582_01.png,1,0
pose/pose_pexels-photo-4834142_03.png,1,0
pose/pose_pexels-photo-6140209_01.png,1,0
pose/pose_pexels-photo-3576284_01.png,1,1
pose/pose_pexels-photo-236149_01.png,1,0
pose/pose_pexels-photo-4908535_01.png,1,0
pose/pose_pexels-photo-4427556_01.png,1,0
pose/pose_pexels-photo-5332458_01.png,1,0
pose/pose_pexels-photo-5961074_01.png,1,0
pose/pose_pexels-photo-3002552_01.png,1,0
pose/pose_pexels-photo-5686083_02.png,1,0
pose/pose_pexels-photo-3685408_01.png,1,0
pose/pose_pexels-photo-5390059_01.png,1,0
pose/pose_pexels-photo-2796232_01.png,1,1
pose/pose_pexels-photo-2899935_01.png,1,0
pose/pose_pexels-photo-6567433_01.png,1,0
pose/pose_pexels-photo-6787498_01.png,1,0
pose/pose_pexels-photo-2245035_01.png,1,0
pose/pose_pexels-photo-5538594_01.png,1,0
pose/pose_pexels-photo-4623526_02.png,1,0
pose/pose_pexels-photo-6212771_01.png,1,0
pose/pose_pexels-photo-3845294_01.png,1,0
pose/pose_pexels-photo-1807172_01.png,1,0
pose/pose_pexels-photo-6849434_01.png,1,1
pose/pose_pexels-photo-4156336_01.png,1,0
pose/pose_pexels-photo-2820574_01.png,1,0
pose/pose_pexels-photo-5816295_01.png,1,0
pose/pose_pexels-photo-4543637_01.png,1,0
pose/pose_pexels-photo-2936974_01.png,1,0
pose/pose_pexels-photo-4814796_01.png,1,0
pose/pose_pexels-photo-4624915_01.png,1,0
pose/pose_pexels-photo-4100670_01.png,1,0
pose/pose_pexels-photo-5256933_01.png,1,0
pose/pose_pexels-photo-4427626_01.png,1,1
pose/pose_pexels-photo-2446655_01.png,1,0
pose/pose_pexels-photo-6773669_01.png,1,0
pose/pose_pexels-photo-2188012_01.png,1,0
pose/pose_pexels-photo-4122910_01.png,1,0
pose/pose_pexels-photo-6476255_03.png,1,0
pose/pose_pexels-photo-1815257_01.png,1,0
pose/pose_pexels-photo-6285081_01.png,1,0
pose/pose_pexels-photo-5553023_01.png,1,0
pose/pose_pexels-photo-4623490_01.png,1,0
pose/pose_pexels-photo-1557182_01.png,1,1
pose/pose_pexels-photo-5571747_01.png,1,0
pose/pose_pexels-photo-5479968_01.png,1,0
pose/pose_pexels-photo-5553956_01.png,1,0
pose/pose_pexels-photo-5582949_01.png,1,0
pose/pose_pexels-photo-6838559_01.png,1,0
pose/pose_pexels-photo-5325718_01.png,1,0
pose/pose_pexels-photo-5303582_01.png,1,0
pose/pose_pexels-photo-4427423_01.png,1,0
pose/pose_pexels-photo-1062280_01.png,1,0
pose/pose_pexels-photo-6732363_01.png,1,1
pose/pose_pexels-photo-6592662_01.png,1,0
pose/pose_pexels-photo-5054679_01.png,1,0
pose/pose_pexels-photo-5037300_01.png,1,0
pose/pose_pexels-photo-1194408_01.png,1,0
pose/pose_pexels-photo-3842415_01.png,1,0
pose/pose_pexels-photo-2748129_01.png,1,0
pose/pose_pexels-photo-6338500_01.png,1,0
pose/pose_pexels-photo-2588008_01.png,1,0
pose/pose_pexels-photo-1230352_01.png,1,0
pose/pose_pexels-photo-4484852_01.png,1,1
pose/pose_pexels-photo-4305048_01.png,1,0
pose/pose_pexels-photo-5212685_01.png,1,0
pose/pose_pexels-photo-1528170_01.png,1,0
pose/pose_pexels-photo-4867373_01.png,1,0
pose/pose_pexels-photo-3933089_01.png,1,0
pose/pose_pexels-photo-5364789_01.png,1,0
pose/pose_pexels-photo-4617295_01.png,1,0
pose/pose_pexels-photo-4144449_01.png,1,0
pose/pose_pexels-photo-6848348_01.png,1,0
pose/pose_pexels-photo-4253302_01.png,1,1
pose/pose_pexels-photo-6543909_01.png,1,0
pose/pose_pexels-photo-5876476_02.png,1,0
pose/pose_pexels-photo-5692253_01.png,1,0
pose/pose_pexels-photo-6121911_01.png,1,0
pose/pose_pexels-photo-5439488_01.png,1,0
pose/pose_pexels-photo-5256822_01.png,1,0
pose/pose_pexels-photo-5427305_01.png,1,0
pose/pose_pexels-photo-2169479_01.png,1,0
pose/pose_pexels-photo-4933623_01.png,1,0
pose/pose_pexels-photo-4970804_01.png,1,1
pose/pose_pexels-photo-5692287_01.png,1,0
pose/pose_pexels-photo-4427816_02.png,1,0
pose/pose_pexels-photo-4873582_01.png,1,0
pose/pose_pexels-photo-1510529_01.png,1,0
pose/pose_pexels-photo-5638813_01.png,1,0
pose/pose_pexels-photo-4623365_01.png,1,0
pose/pose_pexels-photo-5439399_01.png,1,0
pose/pose_pexels-photo-6543563_01.png,1,0
pose/pose_pexels-photo-6150579_01.png,1,0
pose/pose_pexels-photo-1078836_01.png,1,1
pose/pose_pexels-photo-4484783_01.png,1,0
pose/pose_pexels-photo-789296_01.png,1,0
pose/pose_pexels-photo-5816300_01.png,1,0
pose/pose_pexels-photo-3737392_01.png,1,0
pose/pose_pexels-photo-5896600_01.png,1,0
pose/pose_pexels-photo-4933606_01.png,1,0
pose/pose_pexels-photo-4473570_01.png,1,0
pose/pose_pexels-photo-4874407_01.png,1,0
pose/pose_pexels-photo-5275850_01.png,1,0
pose/pose_pexels-photo-3771130_01.png,1,1
pose/pose_pexels-photo-2234143_01.png,1,0
pose/pose_pexels-photo-573259_01.png,1,0
pose/pose_pexels-photo-3933279_01.png,1,0
pose/pose_pexels-photo-6147210_01.png,1,0
pose/pose_pexels-photo-5200770_01.png,1,0
pose/pose_pexels-photo-5676741_01.png,1,0
pose/pose_pexels-photo-2675678_01.png,1,0
pose/pose_pexels-photo-6437805_02.png,1,0
pose/pose_pexels-photo-5685890_01.png,1,0
pose/pose_pexels-photo-5390456_01.png,1,1
pose/pose_pexels-photo-5685819_02.png,1,0
pose/pose_man-old-white-beard-face-162547_01.png,1,0
pose/pose_pexels-photo-4127940_01.png,1,0
pose/pose_pexels-photo-5038812_02.png,1,0
pose/pose_pexels-photo-4262411_02.png,1,0
pose/pose_pexels-photo-6627478_01.png,1,0
pose/pose_pexels-photo-6476192_01.png,1,0
pose/pose_pexels-photo-6344281_01.png,1,0
pose/pose_pexels-photo-4040906_01.png,1,0
pose/pose_pexels-photo-3968117_01.png,1,1
pose/pose_pexels-photo-5325895_01.png,1,0
pose/pose_pexels-photo-4708915_01.png,1,0
pose/pose_pexels-photo-5439369_01.png,1,0
pose/pose_pexels-photo-2098442_01.png,1,0
pose/pose_pexels-photo-4972984_01.png,1,0
pose/pose_pexels-photo-1661419_01.png,1,0
pose/pose_pexels-photo-6349506_01.png,1,0
pose/pose_pexels-photo-4101155_01.png,1,0
pose/pose_pexels-photo-5216573_01.png,1,0
pose/pose_pexels-photo-5561469_01.png,1,1
pose/pose_pexels-photo-5974270_01.png,1,0
pose/pose_pexels-photo-4874229_01.png,1,0
pose/pose_pexels-photo-5324966_03.png,1,0
pose/pose_pexels-photo-5676744_01.png,1,0
pose/pose_pexels-photo-823816_01.png,1,0
pose/pose_pexels-photo-5400806_01.png,1,0
pose/pose_pexels-photo-6846002_01.png,1,0
pose/pose_pexels-photo-1188079_01.png,1,0
pose/pose_pexels-photo-5638702_01.png,1,0
pose/pose_pexels-photo-5439399_02.png,1,1
pose/pose_pexels-photo-5212344_01.png,1,0
pose/pose_pexels-photo-859265_01.png,1,0
pose/pose_pexels-photo-5859319_01.png,1,0
pose/pose_pexels-photo-5327454_01.png,1,0
pose/pose_pexels-photo-5946209_02.png,1,0
pose/pose_pexels-photo-1648376_01.png,1,0
pose/pose_pexels-photo-5668466_02.png,1,0
pose/pose_pexels-photo-5561445_01.png,1,0
pose/pose_pexels-photo-3993416_01.png,1,0
pose/pose_pexels-photo-1376041_01.png,1,1
pose/pose_pexels-photo-5055480_01.png,1,0
pose/pose_pexels-photo-1040881_01.png,1,0
pose/pose_pexels-photo-5738084_02.png,1,0
pose/pose_pexels-photo-6077601_01.png,1,0
pose/pose_pexels-photo-4155012_01.png,1,0
pose/pose_pexels-photo-5356633_01.png,1,0
pose/pose_pexels-photo-4450394_01.png,1,0
pose/pose_pexels-photo-4715327_01.png,1,0
pose/pose_pexels-photo-5727792_01.png,1,0
pose/pose_pexels-photo-3822727_03.png,1,1
pose/pose_pexels-photo-5686028_01.png,1,0
pose/pose_pexels-photo-1586257_01.png,1,0
pose/pose_pexels-photo-2006726_01.png,1,0
pose/pose_pexels-photo-5668529_01.png,1,0
pose/pose_pexels-photo-5474037_01.png,1,0
pose/pose_pexels-photo-6773510_01.png,1,0
pose/pose_pexels-photo-5082368_01.png,1,0
pose/pose_pexels-photo-6829479_01.png,1,0
pose/pose_pexels-photo-4612152_01.png,1,0
pose/pose_pexels-photo-6212769_01.png,1,1
pose/pose_pexels-photo-3845344_01.png,1,0
pose/pose_pexels-photo-5275819_01.png,1,0
pose/pose_pexels-photo-5244055_01.png,1,0
pose/pose_pexels-photo-6400949_01.png,1,0
pose/pose_pexels-photo-6349566_01.png,1,0
pose/pose_pexels-photo-6668283_01.png,1,0
pose/pose_pexels-photo-3171822_02.png,1,0
pose/pose_pexels-photo-5273683_01.png,1,0
pose/pose_pexels-photo-5036933_01.png,1,0
pose/pose_pexels-photo-4126744_01.png,1,1
pose/pose_pexels-photo-5692226_01.png,1,0
pose/pose_pexels-photo-4709285_01.png,1,0
pose/pose_pexels-photo-1972115_01.png,1,0
pose/pose_pexels-photo-2238182_01.png,1,0
pose/pose_pexels-photo-4350089_01.png,1,0
pose/pose_pexels-photo-1050543_01.png,1,0
pose/pose_pexels-photo-5225299_01.png,1,0
pose/pose_pexels-photo-6632510_01.png,1,0
pose/pose_pexels-photo-5275356_01.png,1,0
pose/pose_pexels-photo-6238109_01.png,1,1
pose/pose_pexels-photo-6848342_01.png,1,0
pose/pose_pexels-photo-3971290_01.png,1,0
pose/pose_pexels-photo-4729378_01.png,1,0
pose/pose_pexels-photo-5858837_01.png,1,0
pose/pose_pexels-photo-5727905_01.png,1,0
pose/pose_pexels-photo-5157186_01.png,1,0
pose/pose_pexels-photo-4609006_01.png,1,0
pose/pose_pexels-photo-2989397_01.png,1,0
pose/pose_pexels-photo-2434696_01.png,1,0
pose/pose_pexels-photo-2276589_01.png,1,1
pose/pose_pexels-photo-5935202_01.png,1,0
pose/pose_pexels-photo-1181681_01.png,1,0
pose/pose_pexels-photo-2323140_01.png,1,0
pose/pose_pexels-photo-4623203_01.png,1,0
pose/pose_pexels-photo-3770674_01.png,1,0
pose/pose_pexels-photo-4874445_01.png,1,0
pose/pose_pexels-photo-1552104_01.png,1,0
pose/pose_pexels-photo-5520333_01.png,1,0
pose/pose_pexels-photo-6147028_01.png,1,0
pose/pose_pexels-photo-3184398_04.png,1,1
pose/pose_pexels-photo-3933880_01.png,1,0
pose/pose_pexels-photo-5212695_03.png,1,0
pose/pose_pexels-photo-4173350_02.png,1,0
pose/pose_pexels-photo-3771098_01.png,1,0
pose/pose_pexels-photo-5256343_01.png,1,0
pose/pose_pexels-photo-4021380_01.png,1,0
pose/pose_pexels-photo-6299950_01.png,1,0
pose/pose_pexels-photo-5582796_01.png,1,0
pose/pose_pexels-photo-4473608_01.png,1,0
pose/pose_pexels-photo-1152994_01.png,1,1
pose/pose_pexels-photo-4049960_01.png,1,0
pose/pose_pexels-photo-4709373_01.png,1,0
pose/pose_pexels-photo-3973210_01.png,1,0
pose/pose_pexels-photo-5990046_01.png,1,0
pose/pose_pexels-photo-1734817_01.png,1,0
pose/pose_pexels-photo-5055264_01.png,1,0
pose/pose_pexels-photo-3737493_01.png,1,0
pose/pose_pexels-photo-5249392_01.png,1,0
pose/pose_pexels-photo-5275454_01.png,1,0
pose/pose_pexels-photo-5973366_01.png,1,1
pose/pose_pexels-photo-1892949_01.png,1,0
pose/pose_pexels-photo-5103407_01.png,1,0
pose/pose_pexels-photo-5799134_01.png,1,0
pose/pose_pexels-photo-5038862_01.png,1,0
pose/pose_pexels-photo-4890733_01.png,1,0
pose/pose_pexels-photo-6052459_01.png,1,0
pose/pose_pexels-photo-3860868_01.png,1,0
pose/pose_pexels-photo-4841182_01.png,1,0
pose/pose_pexels-photo-765248_01.png,1,0
pose/pose_pexels-photo-5275829_03.png,1,1
pose/pose_pexels-photo-4646246_01.png,1,0
pose/pose_pexels-photo-5668778_02.png,1,0
pose/pose_pexels-photo-2180141_01.png,1,0
pose/pose_pexels-photo-5276071_01.png,1,0
pose/pose_pexels-photo-2260765_01.png,1,0
pose/pose_pexels-photo-4689910_01.png,1,0
pose/pose_pexels-photo-4728655_01.png,1,0
pose/pose_pexels-photo-6069487_01.png,1,0
pose/pose_pexels-photo-5212695_01.png,1,0
pose/pose_pexels-photo-4623195_01.png,1,1
pose/pose_pexels-photo-5374286_01.png,1,0
pose/pose_pexels-photo-5686058_01.png,1,0
pose/pose_pexels-photo-1777843_01.png,1,0
pose/pose_pexels-photo-5263890_01.png,1,0
pose/pose_pexels-photo-3992217_01.png,1,0
pose/pose_pexels-photo-894092_01.png,1,0
pose/pose_pexels-photo-4971235_01.png,1,0
pose/pose_pexels-photo-6213177_01.png,1,0
pose/pose_pexels-photo-3730979_01.png,1,0
pose/pose_pexels-photo-5439463_01.png,1,1
pose/pose_pexels-photo-1547971_01.png,1,0
pose/pose_pexels-photo-1429395_01.png,1,0
pose/pose_pexels-photo-4691234_01.png,1,0
pose/pose_pexels-photo-1805411_01.png,1,0
pose/pose_pexels-photo-3184354_01.png,1,0
pose/pose_pexels-photo-5327450_01.png,1,0
pose/pose_pexels-photo-4651491_01.png,1,0
pose/pose_pexels-photo-5240036_01.png,1,0
pose/pose_pexels-photo-4827500_01.png,1,0
pose/pose_pexels-photo-6202025_01.png,1,1
pose/pose_pexels-photo-3021595_01.png,1,0
pose/pose_pexels-photo-5324949_02.png,1,0
pose/pose_pexels-photo-2761929_01.png,1,0
pose/pose_pexels-photo-450212_01.png,1,0
pose/pose_pexels-photo-2083751_01.png,1,0
pose/pose_pexels-photo-6340631_01.png,1,0
pose/pose_pexels-photo-5215422_01.png,1,0
pose/pose_pexels-photo-327253_01.png,1,0
pose/pose_honor-guard-15s-guard-russian-73869_01.png,1,0
pose/pose_pexels-photo-5429026_02.png,1,1
pose/pose_pexels-photo-4921215_01.png,1,0
pose/pose_pexels-photo-3808819_01.png,1,0
pose/pose_pexels-photo-5246638_02.png,1,0
pose/pose_pexels-photo-4815393_01.png,1,0
pose/pose_pexels-photo-2229490_01.png,1,0
pose/pose_pexels-photo-6718225_01.png,1,0
pose/pose_pexels-photo-6457562_01.png,1,0
pose/pose_pexels-photo-4762766_01.png,1,0
pose/pose_pexels-photo-5474028_01.png,1,0
pose/pose_pexels-photo-3269683_01.png,1,1
pose/pose_pexels-photo-6437493_01.png,1,0
pose/pose_pexels-photo-914253_01.png,1,0
pose/pose_pexels-photo-5411687_01.png,1,0
pose/pose_pexels-photo-1578531_01.png,1,0
pose/pose_pexels-photo-4868312_01.png,1,0
pose/pose_pexels-photo-933964_01.png,1,0
pose/pose_pexels-photo-5685856_01.png,1,0
pose/pose_pexels-photo-3616937_01.png,1,0
pose/pose_pexels-photo-2035066_01.png,1,0
pose/pose_pexels-photo-2697893_01.png,1,1
pose/pose_pexels-photo-4623526_01.png,1,0
pose/pose_pexels-photo-3860868_02.png,1,0
pose/pose_pexels-photo-2438547_01.png,1,0
pose/pose_pexels-photo-1367269_01.png,1,0
pose/pose_pexels-photo-5553021_01.png,1,0
pose/pose_pexels-photo-4814878_01.png,1,0
pose/pose_pexels-photo-1972589_01.png,1,0
pose/pose_pexels-photo-5848006_01.png,1,0
pose/pose_pexels-photo-6213442_01.png,1,0
pose/pose_pexels-photo-5623629_02.png,1,1
pose/pose_pexels-photo-6140618_01.png,1,0
pose/pose_pexels-photo-3754299_01.png,1,0
pose/pose_pexels-photo-5324856_01.png,1,0
pose/pose_pexels-photo-5277451_01.png,1,0
pose/pose_pexels-photo-247298_01.png,1,0
pose/pose_pexels-photo-6595025_02.png,1,0
pose/pose_pexels-photo-2960156_01.png,1,0
pose/pose_pexels-photo-5325708_01.png,1,0
pose/pose_pexels-photo-5961129_01.png,1,0
pose/pose_pexels-photo-3810793_02.png,1,1
pose/pose_pexels-photo-3727541_01.png,1,0
pose/pose_pexels-photo-3658708_01.png,1,0
pose/pose_pexels-photo-788567_01.png,1,0
pose/pose_pexels-photo-5685815_01.png,1,0
pose/pose_pexels-photo-5239968_01.png,1,0
pose/pose_pexels-photo-2219118_01.png,1,0
pose/pose_pexels-photo-4017427_01.png,1,0
pose/pose_pexels-photo-5669658_02.png,1,0
pose/pose_pexels-photo-5699479_01.png,1,0
pose/pose_pexels-photo-4492282_01.png,1,1
pose/pose_pexels-photo-4708879_01.png,1,0
pose/pose_pexels-photo-5240614_01.png,1,0
pose/pose_pexels-photo-3654897_01.png,1,0
pose/pose_pexels-photo-3889806_01.png,1,0
pose/pose_pexels-photo-4039179_02.png,1,0
pose/pose_pexels-photo-5412158_01.png,1,0
pose/pose_pexels-photo-6849304_01.png,1,0
pose/pose_pexels-photo-5668445_01.png,1,0
pose/pose_pexels-photo-5727711_01.png,1,0
pose/pose_pexels-photo-4559709_01.png,1,1
pose/pose_pexels-photo-4039148_01.png,1,0
pose/pose_pexels-photo-6817695_01.png,1,0
pose/pose_pexels-photo-5554281_01.png,1,0
pose/pose_pexels-photo-375880_01.png,1,0
pose/pose_pexels-photo-2701585_01.png,1,0
pose/pose_pexels-photo-715546_01.png,1,0
pose/pose_pexels-photo-4145072_01.png,1,0
pose/pose_pexels-photo-4609033_01.png,1,0
pose/pose_pexels-photo-5728164_01.png,1,0
pose/pose_pexels-photo-5393448_01.png,1,1
pose/pose_pexels-photo-5038851_01.png,1,0
pose/pose_pexels-photo-4327033_01.png,1,0
pose/pose_pexels-photo-6849362_01.png,1,0
pose/pose_pexels-photo-3992372_01.png,1,0
pose/pose_pexels-photo-5333281_01.png,1,0
pose/pose_pexels-photo-5623706_01.png,1,0
pose/pose_pexels-photo-2065195_01.png,1,0
pose/pose_pexels-photo-2294361_01.png,1,0
pose/pose_pexels-photo-936045_01.png,1,0
pose/pose_pexels-photo-3730976_03.png,1,1
pose/pose_pexels-photo-5685937_01.png,1,0
pose/pose_pexels-photo-1181542_01.png,1,0
pose/pose_pexels-photo-6305644_01.png,1,0
pose/pose_pexels-photo-5648355_01.png,1,0
pose/pose_pexels-photo-3184398_01.png,1,0
pose/pose_pexels-photo-4482003_01.png,1,0
pose/pose_pexels-photo-4874392_01.png,1,0
pose/pose_pexels-photo-1435836_01.png,1,0
pose/pose_pexels-photo-3087002_01.png,1,0
pose/pose_pexels-photo-5868721_01.png,1,1
pose/pose_pexels-photo-4814873_01.png,1,0
pose/pose_pexels-photo-6457545_02.png,1,0
pose/pose_pexels-photo-4473774_01.png,1,0
pose/pose_pexels-photo-3541388_01.png,1,0
pose/pose_pexels-photo-3171151_01.png,1,0
pose/pose_pexels-photo-1089164_01.png,1,0
pose/pose_pexels-photo-4427809_01.png,1,0
pose/pose_pexels-photo-6437484_01.png,1,0
pose/pose_pexels-photo-3727136_01.png,1,0
pose/pose_pexels-photo-5466276_01.png,1,1
pose/pose_pexels-photo-4834142_02.png,1,0
pose/pose_pexels-photo-4022812_01.png,1,0
pose/pose_pexels-photo-2010922_01.png,1,0
pose/pose_pexels-photo-6115296_01.png,1,0
pose/pose_pexels-photo-5833775_01.png,1,0
pose/pose_pexels-photo-6849281_01.png,1,0
pose/pose_pexels-photo-5623062_01.png,1,0
pose/pose_pexels-photo-5439487_01.png,1,0
pose/pose_pexels-photo-4709365_01.png,1,0
pose/pose_pexels-photo-6388453_01.png,1,1
pose/pose_pexels-photo-2168843_01.png,1,0
pose/pose_pexels-photo-1013328_01.png,1,0
pose/pose_pexels-photo-6764016_01.png,1,0
pose/pose_pexels-photo-5420430_01.png,1,0
pose/pose_pexels-photo-1367275_01.png,1,0
pose/pose_pexels-photo-5935180_01.png,1,0
pose/pose_pexels-photo-6337116_01.png,1,0
pose/pose_pexels-photo-6801865_01.png,1,0
pose/pose_pexels-photo-2272853_01.png,1,0
pose/pose_pexels-photo-4357423_01.png,1,1
pose/pose_pexels-photo-3206114_01.png,1,0
pose/pose_pexels-photo-814194_01.png,1,0
pose/pose_pexels-photo-5867695_01.png,1,0
pose/pose_pexels-photo-6146960_01.png,1,0
pose/pose_pexels-photo-5311394_01.png,1,0
pose/pose_pexels-photo-5313133_01.png,1,0
pose/pose_pexels-photo-2383117_01.png,1,0
pose/pose_pexels-photo-5910962_02.png,1,0
pose/pose_pexels-photo-6202749_01.png,1,0
pose/pose_pexels-photo-4708904_01.png,1,1
pose/pose_pexels-photo-4127427_01.png,1,0
pose/pose_pexels-photo-3975647_01.png,1,0
pose/pose_pexels-photo-3441119_01.png,1,0
pose/pose_pexels-photo-5055253_01.png,1,0
pose/pose_pexels-photo-5561460_01.png,1,0
pose/pose_pexels-photo-5386116_01.png,1,0
pose/pose_pexels-photo-6172538_01.png,1,0
pose/pose_pexels-photo-4821423_01.png,1,0
pose/pose_pexels-photo-4440605_01.png,1,0
pose/pose_pexels-photo-5365474_01.png,1,1
pose/pose_pexels-photo-4841864_01.png,1,0
pose/pose_pexels-photo-5439167_02.png,1,0
pose/pose_pexels-photo-4868610_01.png,1,0
pose/pose_pexels-photo-3732869_01.png,1,0
pose/pose_pexels-photo-3205570_01.png,1,0
pose/pose_pexels-photo-6336666_01.png,1,0
pose/pose_pexels-photo-4543674_01.png,1,0
pose/pose_pexels-photo-5232963_01.png,1,0
pose/pose_pexels-photo-1850205_01.png,1,0
pose/pose_pexels-photo-4008715_01.png,1,1
pose/pose_pexels-photo-3586873_01.png,1,0
pose/pose_pexels-photo-6627422_01.png,1,0
pose/pose_pexels-photo-5699451_01.png,1,0
pose/pose_pexels-photo-5716015_03.png,1,0
pose/pose_pexels-photo-6338457_01.png,1,0
pose/pose_pexels-photo-1990215_01.png,1,0
pose/pose_pexels-photo-5328575_01.png,1,0
pose/pose_pexels-photo-1642883_01.png,1,0
pose/pose_pexels-photo-2923156_01.png,1,0
pose/pose_pexels-photo-6184799_01.png,1,1
pose/pose_pexels-photo-842944_01.png,1,0
pose/pose_pexels-photo-5867239_02.png,1,0
pose/pose_pexels-photo-3223552_01.png,1,0
pose/pose_pexels-photo-5055421_01.png,1,0
pose/pose_pexels-photo-2624875_01.png,1,0
pose/pose_pexels-photo-5862282_01.png,1,0
pose/pose_pexels-photo-5036973_01.png,1,0
pose/pose_pexels-photo-839011_01.png,1,0
pose/pose_pexels-photo-5789765_01.png,1,0
pose/pose_pexels-photo-5996924_01.png,1,1
pose/pose_pexels-photo-4672246_01.png,1,0
pose/pose_pexels-photo-713829_01.png,1,0
pose/pose_pexels-photo-5357203_01.png,1,0
pose/pose_pexels-photo-4145348_02.png,1,0
pose/pose_pexels-photo-4624963_01.png,1,0
pose/pose_pexels-photo-5357603_01.png,1,0
pose/pose_pexels-photo-4339910_01.png,1,0
pose/pose_pexels-photo-2317025_01.png,1,0
pose/pose_pexels-photo-3545238_01.png,1,0
pose/pose_pexels-photo-5357200_01.png,1,1
pose/pose_pexels-photo-3420517_05.png,1,0
pose/pose_pexels-photo-5859794_01.png,1,0
pose/pose_pexels-photo-5988924_01.png,1,0
pose/pose_pexels-photo-6543926_01.png,1,0
pose/pose_pexels-photo-1850731_01.png,1,0
pose/pose_pexels-photo-4091200_01.png,1,0
pose/pose_pexels-photo-6147182_01.png,1,0
pose/pose_pexels-photo-4906281_01.png,1,0
pose/pose_pexels-photo-783243_01.png,1,0
pose/pose_pexels-photo-2380859_01.png,1,1
pose/pose_pexels-photo-5439474_02.png,1,0
pose/pose_pexels-photo-2603147_01.png,1,0
pose/pose_pexels-photo-4752836_01.png,1,0
pose/pose_pexels-photo-4623207_01.png,1,0
pose/pose_pexels-photo-3491940_01.png,1,0
pose/pose_pexels-photo-6595025_01.png,1,0
pose/pose_pexels-photo-5055428_01.png,1,0
pose/pose_pexels-photo-5637843_01.png,1,0
pose/pose_pexels-photo-1071979_01.png,1,0
pose/pose_pexels-photo-5858856_01.png,1,1
pose/pose_pexels-photo-6322866_01.png,1,0
pose/pose_pexels-photo-1104035_01.png,1,0
pose/pose_pexels-photo-4008709_01.png,1,0
pose/pose_pexels-photo-5624264_01.png,1,0
pose/pose_pexels-photo-5600102_01.png,1,0
pose/pose_pexels-photo-1586999_01.png,1,0
pose/pose_pexels-photo-6598906_01.png,1,0
pose/pose_pexels-photo-4908717_01.png,1,0
pose/pose_pexels-photo-5686019_02.png,1,0
pose/pose_pexels-photo-6140474_01.png,1,1
pose/pose_pexels-photo-5710201_01.png,1,0
pose/pose_pexels-photo-6344272_01.png,1,0
pose/pose_pexels-photo-5862402_01.png,1,0
pose/pose_pexels-photo-4008779_01.png,1,0
pose/pose_pexels-photo-6636592_01.png,1,0
pose/pose_pexels-photo-5292758_01.png,1,0
pose/pose_pexels-photo-3655924_01.png,1,0
pose/pose_pexels-photo-5622427_01.png,1,0
pose/pose_pexels-photo-6210142_01.png,1,0
pose/pose_pexels-photo-6157272_01.png,1,1
pose/pose_pexels-photo-5237911_01.png,1,0
pose/pose_pexels-photo-4498004_01.png,1,0
pose/pose_pexels-photo-4049961_01.png,1,0
pose/pose_pexels-photo-4473805_01.png,1,0
pose/pose_pexels-photo-5813824_01.png,1,0
pose/pose_pexels-photo-5275378_01.png,1,0
pose/pose_pexels-photo-4545977_01.png,1,0
pose/pose_pexels-photo-4566919_01.png,1,0
pose/pose_pexels-photo-5439165_01.png,1,0
pose/pose_pexels-photo-1587042_01.png,1,1
pose/pose_pexels-photo-5275792_01.png,1,0
pose/pose_pexels-photo-5449530_01.png,1,0
pose/pose_pexels-photo-1996911_01.png,1,0
pose/pose_pexels-photo-5424801_01.png,1,0
pose/pose_pexels-photo-2740960_01.png,1,0
pose/pose_pexels-photo-1181563_01.png,1,0
pose/pose_pexels-photo-6632536_02.png,1,0
pose/pose_pexels-photo-6840090_01.png,1,0
pose/pose_pexels-photo-2820565_01.png,1,0
pose/pose_pexels-photo-2693831_01.png,1,1
pose/pose_pexels-photo-763546_01.png,1,0
pose/pose_pexels-photo-5038860_01.png,1,0
pose/pose_pexels-photo-5990269_01.png,1,0
pose/pose_pexels-photo-5264055_01.png,1,0
pose/pose_pexels-photo-6838549_01.png,1,0
pose/pose_pexels-photo-6140241_01.png,1,0
pose/pose_pexels-photo-6476245_01.png,1,0
pose/pose_pexels-photo-840916_01.png,1,0
pose/pose_pexels-photo-3404723_01.png,1,0
pose/pose_pexels-photo-5370615_01.png,1,1
pose/pose_pexels-photo-5637524_01.png,1,0
pose/pose_pexels-photo-937482_01.png,1,0
pose/pose_pexels-photo-923210_01.png,1,0
pose/pose_pexels-photo-5256841_01.png,1,0
pose/pose_pexels-photo-4554372_01.png,1,0
pose/pose_pexels-photo-4908569_01.png,1,0
pose/pose_pexels-photo-6349549_01.png,1,0
pose/pose_pexels-photo-6261884_01.png,1,0
pose/pose_pexels-photo-5778459_01.png,1,0
pose/pose_pexels-photo-4872052_01.png,1,1
pose/pose_pexels-photo-3650423_01.png,1,0
pose/pose_pexels-photo-3385338_01.png,1,0
pose/pose_pexels-photo-1844954_01.png,1,0
pose/pose_pexels-photo-2777898_01.png,1,0
pose/pose_pexels-photo-5303194_01.png,1,0
pose/pose_pexels-photo-4708897_01.png,1,0
pose/pose_pexels-photo-1456262_01.png,1,0
pose/pose_pexels-photo-3025620_01.png,1,0
pose/pose_pexels-photo-5215809_01.png,1,0
pose/pose_pexels-photo-6392845_02.png,1,1
pose/pose_pexels-photo-3689152_01.png,1,0
pose/pose_pexels-photo-6314565_01.png,1,0
pose/pose_pexels-photo-1416819_01.png,1,0
pose/pose_pexels-photo-6113258_01.png,1,0
pose/pose_pexels-photo-3873498_01.png,1,0
pose/pose_pexels-photo-4668938_01.png,1,0
pose/pose_pexels-photo-4708896_01.png,1,0
pose/pose_pexels-photo-1937788_01.png,1,0
pose/pose_pexels-photo-3845173_01.png,1,0
pose/pose_pexels-photo-3931638_01.png,1,1
pose/pose_pexels-photo-4985337_01.png,1,0
pose/pose_pexels-photo-4714310_01.png,1,0
pose/pose_pexels-photo-2896840_01.png,1,0
pose/pose_pexels-photo-6849563_01.png,1,0
pose/pose_pexels-photo-5685904_01.png,1,0
pose/pose_pexels-photo-2463027_01.png,1,0
pose/pose_pexels-photo-3541390_01.png,1,0
pose/pose_pexels-photo-5055434_01.png,1,0
pose/pose_pexels-photo-5693066_01.png,1,0
pose/pose_pexels-photo-1181743_01.png,1,1
pose/pose_pexels-photo-4045548_01.png,1,0
pose/pose_pexels-photo-4754648_01.png,1,0
pose/pose_pexels-photo-5386179_01.png,1,0
pose/pose_pexels-photo-5215710_01.png,1,0
pose/pose_pexels-photo-1243535_01.png,1,0
pose/pose_pexels-photo-5264054_01.png,1,0
pose/pose_pexels-photo-6457512_01.png,1,0
pose/pose_pexels-photo-1134076_01.png,1,0
pose/pose_pexels-photo-3951790_01.png,1,0
pose/pose_pexels-photo-2965017_01.png,1,1
pose/pose_pexels-photo-6623778_01.png,1,0
pose/pose_pexels-photo-5212665_02.png,1,0
pose/pose_pexels-photo-3756785_01.png,1,0
pose/pose_pexels-photo-3662767_01.png,1,0
pose/pose_pexels-photo-4569312_01.png,1,0
pose/pose_pexels-photo-4260754_01.png,1,0
pose/pose_pexels-photo-1007788_01.png,1,0
pose/pose_pexels-photo-1801263_01.png,1,0
pose/pose_pexels-photo-255339_01.png,1,0
pose/pose_pexels-photo-5990273_01.png,1,1
pose/pose_pexels-photo-4261784_01.png,1,0
pose/pose_pexels-photo-5951633_01.png,1,0
pose/pose_pexels-photo-6624253_01.png,1,0
pose/pose_pexels-photo-3182750_01.png,1,0
pose/pose_pexels-photo-3971279_01.png,1,0
pose/pose_pexels-photo-1181676_01.png,1,0
pose/pose_pexels-photo-6603147_01.png,1,0
pose/pose_pexels-photo-4709381_01.png,1,0
pose/pose_pexels-photo-5415370_01.png,1,0
pose/pose_pexels-photo-1036621_01.png,1,1
pose/pose_pexels-photo-5474034_01.png,1,0
pose/pose_pexels-photo-6393339_01.png,1,0
pose/pose_pexels-photo-206305_01.png,1,0
pose/pose_pexels-photo-5256934_01.png,1,0
pose/pose_pexels-photo-4711733_01.png,1,0
pose/pose_pexels-photo-4262414_01.png,1,0
pose/pose_pexels-photo-4473905_01.png,1,0
pose/pose_pexels-photo-4427623_01.png,1,0
pose/pose_pexels-photo-5836325_01.png,1,0
pose/pose_pexels-photo-6250849_01.png,1,1
pose/pose_pexels-photo-5717555_01.png,1,0
pose/pose_pexels-photo-6334338_01.png,1,0
pose/pose_pexels-photo-1760900_01.png,1,0
pose/pose_pexels-photo-1423413_01.png,1,0
pose/pose_pexels-photo-332974_01.png,1,0
pose/pose_pexels-photo-3195979_01.png,1,0
pose/pose_pexels-photo-3993472_01.png,1,0
pose/pose_pexels-photo-1440922_01.png,1,0
pose/pose_pexels-photo-5331219_01.png,1,0
pose/pose_pexels-photo-5055460_01.png,1,1
pose/pose_pexels-photo-2845475_01.png,1,0
pose/pose_pexels-photo-4427613_02.png,1,0
pose/pose_pexels-photo-3784648_01.png,1,0
pose/pose_pexels-photo-4623492_01.png,1,0
pose/pose_pexels-photo-3993472_02.png,1,0
pose/pose_pexels-photo-413885_01.png,1,0
pose/pose_pexels-photo-6285105_01.png,1,0
pose/pose_pexels-photo-5905861_01.png,1,0
pose/pose_pexels-photo-3202034_01.png,1,0
pose/pose_pexels-photo-6033608_01.png,1,1
pose/pose_pexels-photo-802417_01.png,1,0
pose/pose_pexels-photo-4442079_01.png,1,0
pose/pose_pexels-photo-4260642_02.png,1,0
pose/pose_pexels-photo-6437465_01.png,1,0
pose/pose_pexels-photo-5205668_01.png,1,0
pose/pose_pexels-photo-6393382_01.png,1,0
pose/pose_pexels-photo-5692259_01.png,1,0
pose/pose_pexels-photo-4100486_02.png,1,0
pose/pose_pexels-photo-4496947_01.png,1,0
pose/pose_pexels-photo-4874342_01.png,1,1
pose/pose_pexels-photo-2982149_01.png,1,0
pose/pose_pexels-photo-4039176_02.png,1,0
pose/pose_pexels-photo-5424798_01.png,1,0
pose/pose_pexels-photo-4039175_02.png,1,0
pose/pose_pexels-photo-1967501_01.png,1,0
pose/pose_pexels-photo-6690294_01.png,1,0
pose/pose_pexels-photo-6584941_01.png,1,0
pose/pose_pexels-photo-5215546_01.png,1,0
pose/pose_pexels-photo-5466249_01.png,1,0
pose/pose_pexels-photo-5325708_02.png,1,1
pose/pose_pexels-photo-897262_01.png,1,0
pose/pose_pexels-photo-3565370_01.png,1,0
pose/pose_pexels-photo-5989935_01.png,1,0
pose/pose_pexels-photo-4039207_01.png,1,0
pose/pose_pexels-photo-5088191_01.png,1,0
pose/pose_pexels-photo-2505337_01.png,1,0
pose/pose_pexels-photo-4874386_01.png,1,0
pose/pose_pexels-photo-5357444_01.png,1,0
pose/pose_pexels-photo-2861798_01.png,1,0
pose/pose_pexels-photo-2466463_01.png,1,1
pose/pose_pexels-photo-5868129_01.png,1,0
pose/pose_pexels-photo-4101188_01.png,1,0
pose/pose_pexels-photo-3952022_01.png,1,0
pose/pose_pexels-photo-1336409_01.png,1,0
pose/pose_pexels-photo-5368993_02.png,1,0
pose/pose_pexels-photo-3973964_01.png,1,0
pose/pose_pexels-photo-3491691_01.png,1,0
pose/pose_pexels-photo-3430555_01.png,1,0
pose/pose_pexels-photo-4586685_01.png,1,0
pose/pose_pexels-photo-4142541_01.png,1,1
pose/pose_pexels-photo-3662646_01.png,1,0
pose/pose_pexels-photo-1098759_01.png,1,0
pose/pose_pexels-photo-5439477_01.png,1,0
pose/pose_pexels-photo-6467697_01.png,1,0
pose/pose_pexels-photo-6457573_01.png,1,0
pose/pose_pexels-photo-3171765_01.png,1,0
pose/pose_pexels-photo-2285932_01.png,1,0
pose/pose_pexels-photo-3662634_01.png,1,0
pose/pose_pexels-photo-5055275_02.png,1,0
pose/pose_pexels-photo-833185_01.png,1,1
pose/pose_pexels-photo-4315839_01.png,1,0
pose/pose_pexels-photo-3439214_01.png,1,0
pose/pose_pexels-photo-5493782_01.png,1,0
pose/pose_pexels-photo-5275310_01.png,1,0
pose/pose_pexels-photo-715822_01.png,1,0
pose/pose_pexels-photo-1557843_01.png,1,0
pose/pose_pexels-photo-5935229_01.png,1,0
pose/pose_pexels-photo-6255735_01.png,1,0
pose/pose_pexels-photo-4611733_01.png,1,0
pose/pose_pexels-photo-4122925_02.png,1,1
pose/pose_pexels-photo-5145180_01.png,1,0
pose/pose_pexels-photo-5368947_01.png,1,0
pose/pose_pexels-photo-2447789_01.png,1,0
pose/pose_pexels-photo-5368745_01.png,1,0
pose/pose_pexels-photo-6249907_01.png,1,0
pose/pose_pexels-photo-4963439_01.png,1,0
pose/pose_pexels-photo-4623170_01.png,1,0
pose/pose_pexels-photo-6248426_01.png,1,0
pose/pose_pexels-photo-4153141_01.png,1,0
pose/pose_pexels-photo-2544829_01.png,1,1
pose/pose_pexels-photo-2859598_01.png,1,0
pose/pose_pexels-photo-3716849_01.png,1,0
pose/pose_pexels-photo-6675908_01.png,1,0
pose/pose_pexels-photo-1755504_01.png,1,0
pose/pose_pexels-photo-265888_01.png,1,0
pose/pose_pexels-photo-3183177_03.png,1,0
pose/pose_pexels-photo-5561155_01.png,1,0
pose/pose_pexels-photo-3184632_01.png,1,0
pose/pose_pexels-photo-787478_01.png,1,0
pose/pose_pexels-photo-5256822_02.png,1,1
pose/pose_pexels-photo-952628_01.png,1,0
pose/pose_pexels-photo-5685951_01.png,1,0
pose/pose_pexels-photo-4458252_01.png,1,0
pose/pose_pexels-photo-718973_01.png,1,0
pose/pose_pexels-photo-5054660_01.png,1,0
pose/pose_pexels-photo-5997045_01.png,1,0
pose/pose_pexels-photo-4050333_01.png,1,0
pose/pose_pexels-photo-3167725_01.png,1,0
pose/pose_pexels-photo-5103407_02.png,1,0
pose/pose_pexels-photo-5119614_01.png,1,1
pose/pose_pexels-photo-4046512_01.png,1,0
pose/pose_pexels-photo-4715320_01.png,1,0
pose/pose_pexels-photo-1181361_01.png,1,0
pose/pose_pexels-photo-1028927_01.png,1,0
pose/pose_pexels-photo-4874353_01.png,1,0
pose/pose_pexels-photo-6213441_01.png,1,0
pose/pose_pexels-photo-6340673_02.png,1,0
pose/pose_pexels-photo-5304598_01.png,1,0
pose/pose_pexels-photo-3538028_01.png,1,0
pose/pose_pexels-photo-3372787_01.png,1,1
pose/pose_pexels-photo-6393356_01.png,1,0
pose/pose_pexels-photo-5561467_01.png,1,0
pose/pose_pexels-photo-4624907_02.png,1,0
pose/pose_pexels-photo-2983327_01.png,1,0
pose/pose_pexels-photo-573296_01.png,1,0
pose/pose_pexels-photo-5685810_02.png,1,0
pose/pose_pexels-photo-6848339_01.png,1,0
pose/pose_pexels-photo-5240707_01.png,1,0
pose/pose_pexels-photo-5215399_01.png,1,0
pose/pose_pexels-photo-3420517_02.png,1,1
pose/pose_pexels-photo-1447383_01.png,1,0
pose/pose_pexels-photo-5905894_01.png,1,0
pose/pose_pexels-photo-6069486_01.png,1,0
pose/pose_pexels-photo-936094_01.png,1,0
pose/pose_pexels-photo-6624459_01.png,1,0
pose/pose_pexels-photo-5249393_01.png,1,0
